STRUCTURE,STRUCTURE_ID,STRUCTURE_NAME,ACTION,REF_AREA,,FREQ,,MEASURE,,AGE,,SEX,,UNIT_MEASURE,,METHODOLOGY,,TIME_PERIOD,,OBS_VALUE,,OBS_STATUS,,UNIT_MULT,,DECIMALS,
DATAFLOW,OECD.ELS.HD:DSD_HEALTH_LVNG@DF_HEALTH_LVNG(1.0),,I,ITA,,A,,CLS,,_T,,_T,,KCAL_PS_D,,_Z,,1987,,3524,,A,,0,,,
DATAFLOW,OECD.ELS.HD:DSD_HEALTH_LVNG@DF_HEALTH_LVNG(1.0),,I,ITA,,A,,CLS,,_T,,_T,,KCAL_PS_D,,_Z,,1968,,3298,,A,,0,,,
DATAFLOW,OECD.ELS.HD:DSD_HEALTH_LVNG@DF_HEALTH_LVNG(1.0),,I,ITA,,A,,CLS,,_T,,_T,,KCAL_PS_D,,_Z,,1967,,3234,,A,,0,,,
DATAFLOW,OECD.ELS.HD:DSD_HEALTH_LVNG@DF_HEALTH_LVNG(1.0),,I,ITA,,A,,CLS,,_T,,_T,,KCAL_PS_D,,_Z,,1966,,3157,,A,,0,,,
DATAFLOW,OECD.ELS.HD:DSD_HEALTH_LVNG@DF_HEALTH_LVNG(1.0),,I,ITA,,A,,CLS,,_T,,_T,,KCAL_PS_D,,_Z,,1965,,3131,,A,,0,,,
DATAFLOW,OECD.ELS.HD:DSD_HEALTH_LVNG@DF_HEALTH_LVNG(1.0),,I,ITA,,A,,CLS,,_T,,_T,,KCAL_PS_D,,_Z,,1964,,3086,,A,,0,,,
DATAFLOW,OECD.ELS.HD:DSD_HEALTH_LVNG@DF_HEALTH_LVNG(1.0),,I,ITA,,A,,CLS,,_T,,_T,,KCAL_PS_D,,_Z,,1963,,3092,,A,,0,,,
DATAFLOW,OECD.ELS.HD:DSD_HEALTH_LVNG@DF_HEALTH_LVNG(1.0),,I,ITA,,A,,CLS,,_T,,_T,,KCAL_PS_D,,_Z,,1962,,3021,,A,,0,,,
DATAFLOW,OECD.ELS.HD:DSD_HEALTH_LVNG@DF_HEALTH_LVNG(1.0),,I,ITA,,A,,CLS,,_T,,_T,,KCAL_PS_D,,_Z,,1961,,2958,,A,,0,,,
DATAFLOW,OECD.ELS.HD:DSD_HEALTH_LVNG@DF_HEALTH_LVNG(1.0),,I,ITA,,A,,CLS,,_T,,_T,,KCAL_PS_D,,_Z,,1986,,3495,,A,,0,,,
DATAFLOW,OECD.ELS.HD:DSD_HEALTH_LVNG@DF_HEALTH_LVNG(1.0),,I,ITA,,A,,CLS,,_T,,_T,,KCAL_PS_D,,_Z,,1985,,3414,,A,,0,,,
DATAFLOW,OECD.ELS.HD:DSD_HEALTH_LVNG@DF_HEALTH_LVNG(1.0),,I,ITA,,A,,CLS,,_T,,_T,,KCAL_PS_D,,_Z,,1984,,3407,,A,,0,,,
DATAFLOW,OECD.ELS.HD:DSD_HEALTH_LVNG@DF_HEALTH_LVNG(1.0),,I,ITA,,A,,CLS,,_T,,_T,,KCAL_PS_D,,_Z,,1983,,3359,,A,,0,,,
DATAFLOW,OECD.ELS.HD:DSD_HEALTH_LVNG@DF_HEALTH_LVNG(1.0),,I,ITA,,A,,CLS,,_T,,_T,,KCAL_PS_D,,_Z,,1982,,3393,,A,,0,,,
DATAFLOW,OECD.ELS.HD:DSD_HEALTH_LVNG@DF_HEALTH_LVNG(1.0),,I,ITA,,A,,CLS,,_T,,_T,,KCAL_PS_D,,_Z,,1981,,3512,,A,,0,,,
DATAFLOW,OECD.ELS.HD:DSD_HEALTH_LVNG@DF_HEALTH_LVNG(1.0),,I,ITA,,A,,CLS,,_T,,_T,,KCAL_PS_D,,_Z,,1980,,3603,,A,,0,,,
DATAFLOW,OECD.ELS.HD:DSD_HEALTH_LVNG@DF_HEALTH_LVNG(1.0),,I,ITA,,A,,CLS,,_T,,_T,,KCAL_PS_D,,_Z,,1979,,3610,,A,,0,,,
DATAFLOW,OECD.ELS.HD:DSD_HEALTH_LVNG@DF_HEALTH_LVNG(1.0),,I,ITA,,A,,CLS,,_T,,_T,,KCAL_PS_D,,_Z,,1978,,3504,,A,,0,,,
DATAFLOW,OECD.ELS.HD:DSD_HEALTH_LVNG@DF_HEALTH_LVNG(1.0),,I,ITA,,A,,CLS,,_T,,_T,,KCAL_PS_D,,_Z,,1977,,3326,,A,,0,,,
DATAFLOW,OECD.ELS.HD:DSD_HEALTH_LVNG@DF_HEALTH_LVNG(1.0),,I,ITA,,A,,CLS,,_T,,_T,,KCAL_PS_D,,_Z,,1976,,3388,,A,,0,,,
DATAFLOW,OECD.ELS.HD:DSD_HEALTH_LVNG@DF_HEALTH_LVNG(1.0),,I,ITA,,A,,CLS,,_T,,_T,,KCAL_PS_D,,_Z,,1975,,3393,,A,,0,,,
DATAFLOW,OECD.ELS.HD:DSD_HEALTH_LVNG@DF_HEALTH_LVNG(1.0),,I,ITA,,A,,CLS,,_T,,_T,,KCAL_PS_D,,_Z,,1974,,3482,,A,,0,,,
DATAFLOW,OECD.ELS.HD:DSD_HEALTH_LVNG@DF_HEALTH_LVNG(1.0),,I,ITA,,A,,CLS,,_T,,_T,,KCAL_PS_D,,_Z,,1973,,3572,,A,,0,,,
DATAFLOW,OECD.ELS.HD:DSD_HEALTH_LVNG@DF_HEALTH_LVNG(1.0),,I,ITA,,A,,CLS,,_T,,_T,,KCAL_PS_D,,_Z,,1972,,3487,,A,,0,,,
DATAFLOW,OECD.ELS.HD:DSD_HEALTH_LVNG@DF_HEALTH_LVNG(1.0),,I,ITA,,A,,CLS,,_T,,_T,,KCAL_PS_D,,_Z,,1971,,3445,,A,,0,,,
DATAFLOW,OECD.ELS.HD:DSD_HEALTH_LVNG@DF_HEALTH_LVNG(1.0),,I,ITA,,A,,CLS,,_T,,_T,,KCAL_PS_D,,_Z,,1970,,3463,,A,,0,,,
DATAFLOW,OECD.ELS.HD:DSD_HEALTH_LVNG@DF_HEALTH_LVNG(1.0),,I,ITA,,A,,CLS,,_T,,_T,,KCAL_PS_D,,_Z,,1969,,3340,,A,,0,,,
DATAFLOW,OECD.ELS.HD:DSD_HEALTH_LVNG@DF_HEALTH_LVNG(1.0),,I,ITA,,A,,CLS,,_T,,_T,,KCAL_PS_D,,_Z,,2022,,3703,,A,,0,,,
DATAFLOW,OECD.ELS.HD:DSD_HEALTH_LVNG@DF_HEALTH_LVNG(1.0),,I,ITA,,A,,CLS,,_T,,_T,,KCAL_PS_D,,_Z,,2021,,3720,,A,,0,,,
DATAFLOW,OECD.ELS.HD:DSD_HEALTH_LVNG@DF_HEALTH_LVNG(1.0),,I,ITA,,A,,CLS,,_T,,_T,,KCAL_PS_D,,_Z,,2020,,3688,,A,,0,,,
DATAFLOW,OECD.ELS.HD:DSD_HEALTH_LVNG@DF_HEALTH_LVNG(1.0),,I,ITA,,A,,CLS,,_T,,_T,,KCAL_PS_D,,_Z,,2019,,3648,,A,,0,,,
DATAFLOW,OECD.ELS.HD:DSD_HEALTH_LVNG@DF_HEALTH_LVNG(1.0),,I,ITA,,A,,CLS,,_T,,_T,,KCAL_PS_D,,_Z,,2018,,3551,,A,,0,,,
DATAFLOW,OECD.ELS.HD:DSD_HEALTH_LVNG@DF_HEALTH_LVNG(1.0),,I,ITA,,A,,CLS,,_T,,_T,,KCAL_PS_D,,_Z,,2017,,3554,,A,,0,,,
DATAFLOW,OECD.ELS.HD:DSD_HEALTH_LVNG@DF_HEALTH_LVNG(1.0),,I,ITA,,A,,CLS,,_T,,_T,,KCAL_PS_D,,_Z,,2016,,3543,,A,,0,,,
DATAFLOW,OECD.ELS.HD:DSD_HEALTH_LVNG@DF_HEALTH_LVNG(1.0),,I,ITA,,A,,CLS,,_T,,_T,,KCAL_PS_D,,_Z,,2015,,3541,,A,,0,,,
DATAFLOW,OECD.ELS.HD:DSD_HEALTH_LVNG@DF_HEALTH_LVNG(1.0),,I,ITA,,A,,CLS,,_T,,_T,,KCAL_PS_D,,_Z,,2014,,3534,,A,,0,,,
DATAFLOW,OECD.ELS.HD:DSD_HEALTH_LVNG@DF_HEALTH_LVNG(1.0),,I,ITA,,A,,CLS,,_T,,_T,,KCAL_PS_D,,_Z,,2013,,3659,,A,,0,,,
DATAFLOW,OECD.ELS.HD:DSD_HEALTH_LVNG@DF_HEALTH_LVNG(1.0),,I,ITA,,A,,CLS,,_T,,_T,,KCAL_PS_D,,_Z,,2012,,3660,,A,,0,,,
DATAFLOW,OECD.ELS.HD:DSD_HEALTH_LVNG@DF_HEALTH_LVNG(1.0),,I,ITA,,A,,CLS,,_T,,_T,,KCAL_PS_D,,_Z,,2011,,3668,,A,,0,,,
DATAFLOW,OECD.ELS.HD:DSD_HEALTH_LVNG@DF_HEALTH_LVNG(1.0),,I,ITA,,A,,CLS,,_T,,_T,,KCAL_PS_D,,_Z,,2010,,3675,,A,,0,,,
DATAFLOW,OECD.ELS.HD:DSD_HEALTH_LVNG@DF_HEALTH_LVNG(1.0),,I,ITA,,A,,CLS,,_T,,_T,,KCAL_PS_D,,_Z,,2009,,3599,,A,,0,,,
DATAFLOW,OECD.ELS.HD:DSD_HEALTH_LVNG@DF_HEALTH_LVNG(1.0),,I,ITA,,A,,CLS,,_T,,_T,,KCAL_PS_D,,_Z,,2008,,3595,,A,,0,,,
DATAFLOW,OECD.ELS.HD:DSD_HEALTH_LVNG@DF_HEALTH_LVNG(1.0),,I,ITA,,A,,CLS,,_T,,_T,,KCAL_PS_D,,_Z,,2007,,3618,,A,,0,,,
DATAFLOW,OECD.ELS.HD:DSD_HEALTH_LVNG@DF_HEALTH_LVNG(1.0),,I,ITA,,A,,CLS,,_T,,_T,,KCAL_PS_D,,_Z,,2006,,3625,,A,,0,,,
DATAFLOW,OECD.ELS.HD:DSD_HEALTH_LVNG@DF_HEALTH_LVNG(1.0),,I,ITA,,A,,CLS,,_T,,_T,,KCAL_PS_D,,_Z,,2005,,3567,,A,,0,,,
DATAFLOW,OECD.ELS.HD:DSD_HEALTH_LVNG@DF_HEALTH_LVNG(1.0),,I,ITA,,A,,CLS,,_T,,_T,,KCAL_PS_D,,_Z,,2004,,3626,,A,,0,,,
DATAFLOW,OECD.ELS.HD:DSD_HEALTH_LVNG@DF_HEALTH_LVNG(1.0),,I,ITA,,A,,CLS,,_T,,_T,,KCAL_PS_D,,_Z,,2003,,3621,,A,,0,,,
DATAFLOW,OECD.ELS.HD:DSD_HEALTH_LVNG@DF_HEALTH_LVNG(1.0),,I,ITA,,A,,CLS,,_T,,_T,,KCAL_PS_D,,_Z,,2002,,3661,,A,,0,,,
DATAFLOW,OECD.ELS.HD:DSD_HEALTH_LVNG@DF_HEALTH_LVNG(1.0),,I,ITA,,A,,CLS,,_T,,_T,,KCAL_PS_D,,_Z,,2001,,3671,,A,,0,,,
DATAFLOW,OECD.ELS.HD:DSD_HEALTH_LVNG@DF_HEALTH_LVNG(1.0),,I,ITA,,A,,CLS,,_T,,_T,,KCAL_PS_D,,_Z,,2000,,3668,,A,,0,,,
DATAFLOW,OECD.ELS.HD:DSD_HEALTH_LVNG@DF_HEALTH_LVNG(1.0),,I,ITA,,A,,CLS,,_T,,_T,,KCAL_PS_D,,_Z,,1999,,3695,,A,,0,,,
DATAFLOW,OECD.ELS.HD:DSD_HEALTH_LVNG@DF_HEALTH_LVNG(1.0),,I,ITA,,A,,CLS,,_T,,_T,,KCAL_PS_D,,_Z,,1998,,3674,,A,,0,,,
DATAFLOW,OECD.ELS.HD:DSD_HEALTH_LVNG@DF_HEALTH_LVNG(1.0),,I,ITA,,A,,CLS,,_T,,_T,,KCAL_PS_D,,_Z,,1997,,3582,,A,,0,,,
DATAFLOW,OECD.ELS.HD:DSD_HEALTH_LVNG@DF_HEALTH_LVNG(1.0),,I,ITA,,A,,CLS,,_T,,_T,,KCAL_PS_D,,_Z,,1996,,3567,,A,,0,,,
DATAFLOW,OECD.ELS.HD:DSD_HEALTH_LVNG@DF_HEALTH_LVNG(1.0),,I,ITA,,A,,CLS,,_T,,_T,,KCAL_PS_D,,_Z,,1995,,3508,,A,,0,,,
DATAFLOW,OECD.ELS.HD:DSD_HEALTH_LVNG@DF_HEALTH_LVNG(1.0),,I,ITA,,A,,CLS,,_T,,_T,,KCAL_PS_D,,_Z,,1994,,3489,,A,,0,,,
DATAFLOW,OECD.ELS.HD:DSD_HEALTH_LVNG@DF_HEALTH_LVNG(1.0),,I,ITA,,A,,CLS,,_T,,_T,,KCAL_PS_D,,_Z,,1993,,3473,,A,,0,,,
DATAFLOW,OECD.ELS.HD:DSD_HEALTH_LVNG@DF_HEALTH_LVNG(1.0),,I,ITA,,A,,CLS,,_T,,_T,,KCAL_PS_D,,_Z,,1992,,3543,,A,,0,,,
DATAFLOW,OECD.ELS.HD:DSD_HEALTH_LVNG@DF_HEALTH_LVNG(1.0),,I,ITA,,A,,CLS,,_T,,_T,,KCAL_PS_D,,_Z,,1991,,3648,,A,,0,,,
DATAFLOW,OECD.ELS.HD:DSD_HEALTH_LVNG@DF_HEALTH_LVNG(1.0),,I,ITA,,A,,CLS,,_T,,_T,,KCAL_PS_D,,_Z,,1990,,3587,,A,,0,,,
DATAFLOW,OECD.ELS.HD:DSD_HEALTH_LVNG@DF_HEALTH_LVNG(1.0),,I,ITA,,A,,CLS,,_T,,_T,,KCAL_PS_D,,_Z,,1989,,3555,,A,,0,,,
DATAFLOW,OECD.ELS.HD:DSD_HEALTH_LVNG@DF_HEALTH_LVNG(1.0),,I,ITA,,A,,CLS,,_T,,_T,,KCAL_PS_D,,_Z,,1988,,3537,,A,,0,,,
