﻿Domain Code,Domain,Area Code (M49),Area,Element Code,Element,Item Code,Item,Year Code,Year,Unit,Value,Flag,Flag Description
"GPP","Emissions from pre and post agricultural production","380","Italy","7273","Emissions (CO2)","6504","Fertilizers Manufacturing","1990","1990","kt","1006.839318","E","Estimated value"
"GPP","Emissions from pre and post agricultural production","380","Italy","7273","Emissions (CO2)","6504","Fertilizers Manufacturing","1991","1991","kt","1003.456199","E","Estimated value"
"GPP","Emissions from pre and post agricultural production","380","Italy","7273","Emissions (CO2)","6504","Fertilizers Manufacturing","1992","1992","kt","984.609527","E","Estimated value"
"GPP","Emissions from pre and post agricultural production","380","Italy","7273","Emissions (CO2)","6504","Fertilizers Manufacturing","1993","1993","kt","962.874755","E","Estimated value"
"GPP","Emissions from pre and post agricultural production","380","Italy","7273","Emissions (CO2)","6504","Fertilizers Manufacturing","1994","1994","kt","976.435442","E","Estimated value"
"GPP","Emissions from pre and post agricultural production","380","Italy","7273","Emissions (CO2)","6504","Fertilizers Manufacturing","1995","1995","kt","971.056942","E","Estimated value"
"GPP","Emissions from pre and post agricultural production","380","Italy","7273","Emissions (CO2)","6504","Fertilizers Manufacturing","1996","1996","kt","981.090642","E","Estimated value"
"GPP","Emissions from pre and post agricultural production","380","Italy","7273","Emissions (CO2)","6504","Fertilizers Manufacturing","1997","1997","kt","996.346889","E","Estimated value"
"GPP","Emissions from pre and post agricultural production","380","Italy","7273","Emissions (CO2)","6504","Fertilizers Manufacturing","1998","1998","kt","1005.893373","E","Estimated value"
"GPP","Emissions from pre and post agricultural production","380","Italy","7273","Emissions (CO2)","6504","Fertilizers Manufacturing","1999","1999","kt","1022.954624","E","Estimated value"
"GPP","Emissions from pre and post agricultural production","380","Italy","7273","Emissions (CO2)","6504","Fertilizers Manufacturing","2000","2000","kt","1020.223319","E","Estimated value"
"GPP","Emissions from pre and post agricultural production","380","Italy","7273","Emissions (CO2)","6504","Fertilizers Manufacturing","2001","2001","kt","1025.693888","E","Estimated value"
"GPP","Emissions from pre and post agricultural production","380","Italy","7273","Emissions (CO2)","6504","Fertilizers Manufacturing","2002","2002","kt","1035.685935","E","Estimated value"
"GPP","Emissions from pre and post agricultural production","380","Italy","7273","Emissions (CO2)","6504","Fertilizers Manufacturing","2003","2003","kt","1051.181","E","Estimated value"
"GPP","Emissions from pre and post agricultural production","380","Italy","7273","Emissions (CO2)","6504","Fertilizers Manufacturing","2004","2004","kt","1018.460396","E","Estimated value"
"GPP","Emissions from pre and post agricultural production","380","Italy","7273","Emissions (CO2)","6504","Fertilizers Manufacturing","2005","2005","kt","1013.429817","E","Estimated value"
"GPP","Emissions from pre and post agricultural production","380","Italy","7273","Emissions (CO2)","6504","Fertilizers Manufacturing","2006","2006","kt","1048.123748","E","Estimated value"
"GPP","Emissions from pre and post agricultural production","380","Italy","7273","Emissions (CO2)","6504","Fertilizers Manufacturing","2007","2007","kt","1083.352608","E","Estimated value"
"GPP","Emissions from pre and post agricultural production","380","Italy","7273","Emissions (CO2)","6504","Fertilizers Manufacturing","2008","2008","kt","1285.902055","E","Estimated value"
"GPP","Emissions from pre and post agricultural production","380","Italy","7273","Emissions (CO2)","6504","Fertilizers Manufacturing","2009","2009","kt","1092.992248","E","Estimated value"
"GPP","Emissions from pre and post agricultural production","380","Italy","7273","Emissions (CO2)","6504","Fertilizers Manufacturing","2010","2010","kt","1237.904819","E","Estimated value"
"GPP","Emissions from pre and post agricultural production","380","Italy","7273","Emissions (CO2)","6504","Fertilizers Manufacturing","2011","2011","kt","801.797332","E","Estimated value"
"GPP","Emissions from pre and post agricultural production","380","Italy","7273","Emissions (CO2)","6504","Fertilizers Manufacturing","2012","2012","kt","1198.047323","E","Estimated value"
"GPP","Emissions from pre and post agricultural production","380","Italy","7273","Emissions (CO2)","6504","Fertilizers Manufacturing","2013","2013","kt","1177.919515","E","Estimated value"
"GPP","Emissions from pre and post agricultural production","380","Italy","7273","Emissions (CO2)","6504","Fertilizers Manufacturing","2014","2014","kt","1075.671075","E","Estimated value"
"GPP","Emissions from pre and post agricultural production","380","Italy","7273","Emissions (CO2)","6504","Fertilizers Manufacturing","2015","2015","kt","994.465634","E","Estimated value"
"GPP","Emissions from pre and post agricultural production","380","Italy","7273","Emissions (CO2)","6504","Fertilizers Manufacturing","2016","2016","kt","1187.797717","E","Estimated value"
"GPP","Emissions from pre and post agricultural production","380","Italy","7273","Emissions (CO2)","6504","Fertilizers Manufacturing","2017","2017","kt","1197.258472","E","Estimated value"
"GPP","Emissions from pre and post agricultural production","380","Italy","7273","Emissions (CO2)","6504","Fertilizers Manufacturing","2018","2018","kt","1337.703743","E","Estimated value"
"GPP","Emissions from pre and post agricultural production","380","Italy","7273","Emissions (CO2)","6504","Fertilizers Manufacturing","2019","2019","kt","1357.862544","E","Estimated value"
"GPP","Emissions from pre and post agricultural production","380","Italy","7273","Emissions (CO2)","6504","Fertilizers Manufacturing","2020","2020","kt","1478.157587","E","Estimated value"
"GPP","Emissions from pre and post agricultural production","380","Italy","7273","Emissions (CO2)","6504","Fertilizers Manufacturing","2021","2021","kt","1530.437942","E","Estimated value"
"GPP","Emissions from pre and post agricultural production","380","Italy","7273","Emissions (CO2)","6504","Fertilizers Manufacturing","2022","2022","kt","1530.437942","I","Imputed value"
"GPP","Emissions from pre and post agricultural production","380","Italy","7273","Emissions (CO2)","6997","Pesticides Manufacturing","1990","1990","kt","1802.058056","E","Estimated value"
"GPP","Emissions from pre and post agricultural production","380","Italy","7273","Emissions (CO2)","6997","Pesticides Manufacturing","1991","1991","kt","1626.062002","E","Estimated value"
"GPP","Emissions from pre and post agricultural production","380","Italy","7273","Emissions (CO2)","6997","Pesticides Manufacturing","1992","1992","kt","1498.352441","E","Estimated value"
"GPP","Emissions from pre and post agricultural production","380","Italy","7273","Emissions (CO2)","6997","Pesticides Manufacturing","1993","1993","kt","1452.518367","E","Estimated value"
"GPP","Emissions from pre and post agricultural production","380","Italy","7273","Emissions (CO2)","6997","Pesticides Manufacturing","1994","1994","kt","1336.825408","E","Estimated value"
"GPP","Emissions from pre and post agricultural production","380","Italy","7273","Emissions (CO2)","6997","Pesticides Manufacturing","1995","1995","kt","1474.398314","E","Estimated value"
"GPP","Emissions from pre and post agricultural production","380","Italy","7273","Emissions (CO2)","6997","Pesticides Manufacturing","1996","1996","kt","1388.749227","E","Estimated value"
"GPP","Emissions from pre and post agricultural production","380","Italy","7273","Emissions (CO2)","6997","Pesticides Manufacturing","1997","1997","kt","1496.735811","E","Estimated value"
"GPP","Emissions from pre and post agricultural production","380","Italy","7273","Emissions (CO2)","6997","Pesticides Manufacturing","1998","1998","kt","1536.065295","E","Estimated value"
"GPP","Emissions from pre and post agricultural production","380","Italy","7273","Emissions (CO2)","6997","Pesticides Manufacturing","1999","1999","kt","1009.933216","E","Estimated value"
"GPP","Emissions from pre and post agricultural production","380","Italy","7273","Emissions (CO2)","6997","Pesticides Manufacturing","2000","2000","kt","1441.238798","E","Estimated value"
"GPP","Emissions from pre and post agricultural production","380","Italy","7273","Emissions (CO2)","6997","Pesticides Manufacturing","2001","2001","kt","1456.143758","E","Estimated value"
"GPP","Emissions from pre and post agricultural production","380","Italy","7273","Emissions (CO2)","6997","Pesticides Manufacturing","2002","2002","kt","1739.226071","E","Estimated value"
"GPP","Emissions from pre and post agricultural production","380","Italy","7273","Emissions (CO2)","6997","Pesticides Manufacturing","2003","2003","kt","1598.671375","E","Estimated value"
"GPP","Emissions from pre and post agricultural production","380","Italy","7273","Emissions (CO2)","6997","Pesticides Manufacturing","2004","2004","kt","1566.144977","E","Estimated value"
"GPP","Emissions from pre and post agricultural production","380","Italy","7273","Emissions (CO2)","6997","Pesticides Manufacturing","2005","2005","kt","1394.25346","E","Estimated value"
"GPP","Emissions from pre and post agricultural production","380","Italy","7273","Emissions (CO2)","6997","Pesticides Manufacturing","2006","2006","kt","1171.065238","E","Estimated value"
"GPP","Emissions from pre and post agricultural production","380","Italy","7273","Emissions (CO2)","6997","Pesticides Manufacturing","2007","2007","kt","1546.185412","E","Estimated value"
"GPP","Emissions from pre and post agricultural production","380","Italy","7273","Emissions (CO2)","6997","Pesticides Manufacturing","2008","2008","kt","1497.357438","E","Estimated value"
"GPP","Emissions from pre and post agricultural production","380","Italy","7273","Emissions (CO2)","6997","Pesticides Manufacturing","2009","2009","kt","1276.127056","E","Estimated value"
"GPP","Emissions from pre and post agricultural production","380","Italy","7273","Emissions (CO2)","6997","Pesticides Manufacturing","2010","2010","kt","1288.11127","E","Estimated value"
"GPP","Emissions from pre and post agricultural production","380","Italy","7273","Emissions (CO2)","6997","Pesticides Manufacturing","2011","2011","kt","1248.571857","E","Estimated value"
"GPP","Emissions from pre and post agricultural production","380","Italy","7273","Emissions (CO2)","6997","Pesticides Manufacturing","2012","2012","kt","1089.266266","E","Estimated value"
"GPP","Emissions from pre and post agricultural production","380","Italy","7273","Emissions (CO2)","6997","Pesticides Manufacturing","2013","2013","kt","922.207728","E","Estimated value"
"GPP","Emissions from pre and post agricultural production","380","Italy","7273","Emissions (CO2)","6997","Pesticides Manufacturing","2014","2014","kt","982.481215","E","Estimated value"
"GPP","Emissions from pre and post agricultural production","380","Italy","7273","Emissions (CO2)","6997","Pesticides Manufacturing","2015","2015","kt","1041.440853","E","Estimated value"
"GPP","Emissions from pre and post agricultural production","380","Italy","7273","Emissions (CO2)","6997","Pesticides Manufacturing","2016","2016","kt","969.715682","E","Estimated value"
"GPP","Emissions from pre and post agricultural production","380","Italy","7273","Emissions (CO2)","6997","Pesticides Manufacturing","2017","2017","kt","935.374491","E","Estimated value"
"GPP","Emissions from pre and post agricultural production","380","Italy","7273","Emissions (CO2)","6997","Pesticides Manufacturing","2018","2018","kt","879.415591","E","Estimated value"
"GPP","Emissions from pre and post agricultural production","380","Italy","7273","Emissions (CO2)","6997","Pesticides Manufacturing","2019","2019","kt","813.95483","E","Estimated value"
"GPP","Emissions from pre and post agricultural production","380","Italy","7273","Emissions (CO2)","6997","Pesticides Manufacturing","2020","2020","kt","609.839409","E","Estimated value"
"GPP","Emissions from pre and post agricultural production","380","Italy","7273","Emissions (CO2)","6997","Pesticides Manufacturing","2021","2021","kt","781.00248","E","Estimated value"
"GPP","Emissions from pre and post agricultural production","380","Italy","7273","Emissions (CO2)","6997","Pesticides Manufacturing","2022","2022","kt","781.00248","I","Imputed value"
"GPP","Emissions from pre and post agricultural production","380","Italy","7273","Emissions (CO2)","6507","Food Processing","1990","1990","kt","33849.20936","E","Estimated value"
"GPP","Emissions from pre and post agricultural production","380","Italy","7273","Emissions (CO2)","6507","Food Processing","1991","1991","kt","37305.838368","E","Estimated value"
"GPP","Emissions from pre and post agricultural production","380","Italy","7273","Emissions (CO2)","6507","Food Processing","1992","1992","kt","39565.165016","E","Estimated value"
"GPP","Emissions from pre and post agricultural production","380","Italy","7273","Emissions (CO2)","6507","Food Processing","1993","1993","kt","36739.217304","E","Estimated value"
"GPP","Emissions from pre and post agricultural production","380","Italy","7273","Emissions (CO2)","6507","Food Processing","1994","1994","kt","38380.505312","E","Estimated value"
"GPP","Emissions from pre and post agricultural production","380","Italy","7273","Emissions (CO2)","6507","Food Processing","1995","1995","kt","42806.550222","E","Estimated value"
"GPP","Emissions from pre and post agricultural production","380","Italy","7273","Emissions (CO2)","6507","Food Processing","1996","1996","kt","43134.711782","E","Estimated value"
"GPP","Emissions from pre and post agricultural production","380","Italy","7273","Emissions (CO2)","6507","Food Processing","1997","1997","kt","43484.043832","E","Estimated value"
"GPP","Emissions from pre and post agricultural production","380","Italy","7273","Emissions (CO2)","6507","Food Processing","1998","1998","kt","46496.653613","E","Estimated value"
"GPP","Emissions from pre and post agricultural production","380","Italy","7273","Emissions (CO2)","6507","Food Processing","1999","1999","kt","52221.58365","E","Estimated value"
"GPP","Emissions from pre and post agricultural production","380","Italy","7273","Emissions (CO2)","6507","Food Processing","2000","2000","kt","52390.207539","E","Estimated value"
"GPP","Emissions from pre and post agricultural production","380","Italy","7273","Emissions (CO2)","6507","Food Processing","2001","2001","kt","53219.216345","E","Estimated value"
"GPP","Emissions from pre and post agricultural production","380","Italy","7273","Emissions (CO2)","6507","Food Processing","2002","2002","kt","56772.725519","E","Estimated value"
"GPP","Emissions from pre and post agricultural production","380","Italy","7273","Emissions (CO2)","6507","Food Processing","2003","2003","kt","58784.605396","E","Estimated value"
"GPP","Emissions from pre and post agricultural production","380","Italy","7273","Emissions (CO2)","6507","Food Processing","2004","2004","kt","55008.126075","E","Estimated value"
"GPP","Emissions from pre and post agricultural production","380","Italy","7273","Emissions (CO2)","6507","Food Processing","2005","2005","kt","52531.89149","E","Estimated value"
"GPP","Emissions from pre and post agricultural production","380","Italy","7273","Emissions (CO2)","6507","Food Processing","2006","2006","kt","50227.410954","E","Estimated value"
"GPP","Emissions from pre and post agricultural production","380","Italy","7273","Emissions (CO2)","6507","Food Processing","2007","2007","kt","48687.149174","E","Estimated value"
"GPP","Emissions from pre and post agricultural production","380","Italy","7273","Emissions (CO2)","6507","Food Processing","2008","2008","kt","48540.776291","E","Estimated value"
"GPP","Emissions from pre and post agricultural production","380","Italy","7273","Emissions (CO2)","6507","Food Processing","2009","2009","kt","42486.543355","E","Estimated value"
"GPP","Emissions from pre and post agricultural production","380","Italy","7273","Emissions (CO2)","6507","Food Processing","2010","2010","kt","39687.054565","E","Estimated value"
"GPP","Emissions from pre and post agricultural production","380","Italy","7273","Emissions (CO2)","6507","Food Processing","2011","2011","kt","38572.487731","E","Estimated value"
"GPP","Emissions from pre and post agricultural production","380","Italy","7273","Emissions (CO2)","6507","Food Processing","2012","2012","kt","36805.705755","E","Estimated value"
"GPP","Emissions from pre and post agricultural production","380","Italy","7273","Emissions (CO2)","6507","Food Processing","2013","2013","kt","33782.345788","E","Estimated value"
"GPP","Emissions from pre and post agricultural production","380","Italy","7273","Emissions (CO2)","6507","Food Processing","2014","2014","kt","33718.759425","E","Estimated value"
"GPP","Emissions from pre and post agricultural production","380","Italy","7273","Emissions (CO2)","6507","Food Processing","2015","2015","kt","34216.10232","E","Estimated value"
"GPP","Emissions from pre and post agricultural production","380","Italy","7273","Emissions (CO2)","6507","Food Processing","2016","2016","kt","34884.09858","E","Estimated value"
"GPP","Emissions from pre and post agricultural production","380","Italy","7273","Emissions (CO2)","6507","Food Processing","2017","2017","kt","34782.133657","E","Estimated value"
"GPP","Emissions from pre and post agricultural production","380","Italy","7273","Emissions (CO2)","6507","Food Processing","2018","2018","kt","33067.621413","E","Estimated value"
"GPP","Emissions from pre and post agricultural production","380","Italy","7273","Emissions (CO2)","6507","Food Processing","2019","2019","kt","31826.037021","E","Estimated value"
"GPP","Emissions from pre and post agricultural production","380","Italy","7273","Emissions (CO2)","6507","Food Processing","2020","2020","kt","31950.654714","E","Estimated value"
"GPP","Emissions from pre and post agricultural production","380","Italy","7273","Emissions (CO2)","6507","Food Processing","2021","2021","kt","38462.539189","E","Estimated value"
"GPP","Emissions from pre and post agricultural production","380","Italy","7273","Emissions (CO2)","6507","Food Processing","2022","2022","kt","38462.539189","I","Imputed value"
"GPP","Emissions from pre and post agricultural production","380","Italy","7273","Emissions (CO2)","6815","Food Transport","1990","1990","kt","7675.002519","E","Estimated value"
"GPP","Emissions from pre and post agricultural production","380","Italy","7273","Emissions (CO2)","6815","Food Transport","1991","1991","kt","7831.174126","E","Estimated value"
"GPP","Emissions from pre and post agricultural production","380","Italy","7273","Emissions (CO2)","6815","Food Transport","1992","1992","kt","8236.902846","E","Estimated value"
"GPP","Emissions from pre and post agricultural production","380","Italy","7273","Emissions (CO2)","6815","Food Transport","1993","1993","kt","8399.604259","E","Estimated value"
"GPP","Emissions from pre and post agricultural production","380","Italy","7273","Emissions (CO2)","6815","Food Transport","1994","1994","kt","8384.24114","E","Estimated value"
"GPP","Emissions from pre and post agricultural production","380","Italy","7273","Emissions (CO2)","6815","Food Transport","1995","1995","kt","8564.190393","E","Estimated value"
"GPP","Emissions from pre and post agricultural production","380","Italy","7273","Emissions (CO2)","6815","Food Transport","1996","1996","kt","8721.395218","E","Estimated value"
"GPP","Emissions from pre and post agricultural production","380","Italy","7273","Emissions (CO2)","6815","Food Transport","1997","1997","kt","8852.204897","E","Estimated value"
"GPP","Emissions from pre and post agricultural production","380","Italy","7273","Emissions (CO2)","6815","Food Transport","1998","1998","kt","9152.735424","E","Estimated value"
"GPP","Emissions from pre and post agricultural production","380","Italy","7273","Emissions (CO2)","6815","Food Transport","1999","1999","kt","9416.647436","E","Estimated value"
"GPP","Emissions from pre and post agricultural production","380","Italy","7273","Emissions (CO2)","6815","Food Transport","2000","2000","kt","9422.048223","E","Estimated value"
"GPP","Emissions from pre and post agricultural production","380","Italy","7273","Emissions (CO2)","6815","Food Transport","2001","2001","kt","9607.435866","E","Estimated value"
"GPP","Emissions from pre and post agricultural production","380","Italy","7273","Emissions (CO2)","6815","Food Transport","2002","2002","kt","9791.213626","E","Estimated value"
"GPP","Emissions from pre and post agricultural production","380","Italy","7273","Emissions (CO2)","6815","Food Transport","2003","2003","kt","9868.827958","E","Estimated value"
"GPP","Emissions from pre and post agricultural production","380","Italy","7273","Emissions (CO2)","6815","Food Transport","2004","2004","kt","10118.971413","E","Estimated value"
"GPP","Emissions from pre and post agricultural production","380","Italy","7273","Emissions (CO2)","6815","Food Transport","2005","2005","kt","10002.264714","E","Estimated value"
"GPP","Emissions from pre and post agricultural production","380","Italy","7273","Emissions (CO2)","6815","Food Transport","2006","2006","kt","10096.635436","E","Estimated value"
"GPP","Emissions from pre and post agricultural production","380","Italy","7273","Emissions (CO2)","6815","Food Transport","2007","2007","kt","10116.997563","E","Estimated value"
"GPP","Emissions from pre and post agricultural production","380","Italy","7273","Emissions (CO2)","6815","Food Transport","2008","2008","kt","9745.865552","E","Estimated value"
"GPP","Emissions from pre and post agricultural production","380","Italy","7273","Emissions (CO2)","6815","Food Transport","2009","2009","kt","9381.653002","E","Estimated value"
"GPP","Emissions from pre and post agricultural production","380","Italy","7273","Emissions (CO2)","6815","Food Transport","2010","2010","kt","9241.401677","E","Estimated value"
"GPP","Emissions from pre and post agricultural production","380","Italy","7273","Emissions (CO2)","6815","Food Transport","2011","2011","kt","9202.32213","E","Estimated value"
"GPP","Emissions from pre and post agricultural production","380","Italy","7273","Emissions (CO2)","6815","Food Transport","2012","2012","kt","8663.311114","E","Estimated value"
"GPP","Emissions from pre and post agricultural production","380","Italy","7273","Emissions (CO2)","6815","Food Transport","2013","2013","kt","8469.543934","E","Estimated value"
"GPP","Emissions from pre and post agricultural production","380","Italy","7273","Emissions (CO2)","6815","Food Transport","2014","2014","kt","8800.152378","E","Estimated value"
"GPP","Emissions from pre and post agricultural production","380","Italy","7273","Emissions (CO2)","6815","Food Transport","2015","2015","kt","8631.280183","E","Estimated value"
"GPP","Emissions from pre and post agricultural production","380","Italy","7273","Emissions (CO2)","6815","Food Transport","2016","2016","kt","8484.090642","E","Estimated value"
"GPP","Emissions from pre and post agricultural production","380","Italy","7273","Emissions (CO2)","6815","Food Transport","2017","2017","kt","8141.175753","E","Estimated value"
"GPP","Emissions from pre and post agricultural production","380","Italy","7273","Emissions (CO2)","6815","Food Transport","2018","2018","kt","8367.622018","E","Estimated value"
"GPP","Emissions from pre and post agricultural production","380","Italy","7273","Emissions (CO2)","6815","Food Transport","2019","2019","kt","8437.456224","E","Estimated value"
"GPP","Emissions from pre and post agricultural production","380","Italy","7273","Emissions (CO2)","6815","Food Transport","2020","2020","kt","6920.012797","E","Estimated value"
"GPP","Emissions from pre and post agricultural production","380","Italy","7273","Emissions (CO2)","6815","Food Transport","2021","2021","kt","8304.856341","E","Estimated value"
"GPP","Emissions from pre and post agricultural production","380","Italy","7273","Emissions (CO2)","6815","Food Transport","2022","2022","kt","8304.856341","I","Imputed value"
"GPP","Emissions from pre and post agricultural production","380","Italy","7273","Emissions (CO2)","6506","Food Packaging","1990","1990","kt","4479.454026","E","Estimated value"
"GPP","Emissions from pre and post agricultural production","380","Italy","7273","Emissions (CO2)","6506","Food Packaging","1991","1991","kt","4667.578803","E","Estimated value"
"GPP","Emissions from pre and post agricultural production","380","Italy","7273","Emissions (CO2)","6506","Food Packaging","1992","1992","kt","4624.581806","E","Estimated value"
"GPP","Emissions from pre and post agricultural production","380","Italy","7273","Emissions (CO2)","6506","Food Packaging","1993","1993","kt","4391.808146","E","Estimated value"
"GPP","Emissions from pre and post agricultural production","380","Italy","7273","Emissions (CO2)","6506","Food Packaging","1994","1994","kt","4553.353766","E","Estimated value"
"GPP","Emissions from pre and post agricultural production","380","Italy","7273","Emissions (CO2)","6506","Food Packaging","1995","1995","kt","5010.09349","E","Estimated value"
"GPP","Emissions from pre and post agricultural production","380","Italy","7273","Emissions (CO2)","6506","Food Packaging","1996","1996","kt","4968.247976","E","Estimated value"
"GPP","Emissions from pre and post agricultural production","380","Italy","7273","Emissions (CO2)","6506","Food Packaging","1997","1997","kt","6008.142049","E","Estimated value"
"GPP","Emissions from pre and post agricultural production","380","Italy","7273","Emissions (CO2)","6506","Food Packaging","1998","1998","kt","4690.595812","E","Estimated value"
"GPP","Emissions from pre and post agricultural production","380","Italy","7273","Emissions (CO2)","6506","Food Packaging","1999","1999","kt","5624.890677","E","Estimated value"
"GPP","Emissions from pre and post agricultural production","380","Italy","7273","Emissions (CO2)","6506","Food Packaging","2000","2000","kt","5854.922302","E","Estimated value"
"GPP","Emissions from pre and post agricultural production","380","Italy","7273","Emissions (CO2)","6506","Food Packaging","2001","2001","kt","5621.860346","E","Estimated value"
"GPP","Emissions from pre and post agricultural production","380","Italy","7273","Emissions (CO2)","6506","Food Packaging","2002","2002","kt","5747.149589","E","Estimated value"
"GPP","Emissions from pre and post agricultural production","380","Italy","7273","Emissions (CO2)","6506","Food Packaging","2003","2003","kt","5860.271909","E","Estimated value"
"GPP","Emissions from pre and post agricultural production","380","Italy","7273","Emissions (CO2)","6506","Food Packaging","2004","2004","kt","5574.199145","E","Estimated value"
"GPP","Emissions from pre and post agricultural production","380","Italy","7273","Emissions (CO2)","6506","Food Packaging","2005","2005","kt","5366.483184","E","Estimated value"
"GPP","Emissions from pre and post agricultural production","380","Italy","7273","Emissions (CO2)","6506","Food Packaging","2006","2006","kt","5168.996167","E","Estimated value"
"GPP","Emissions from pre and post agricultural production","380","Italy","7273","Emissions (CO2)","6506","Food Packaging","2007","2007","kt","5162.092962","E","Estimated value"
"GPP","Emissions from pre and post agricultural production","380","Italy","7273","Emissions (CO2)","6506","Food Packaging","2008","2008","kt","4732.284446","E","Estimated value"
"GPP","Emissions from pre and post agricultural production","380","Italy","7273","Emissions (CO2)","6506","Food Packaging","2009","2009","kt","3956.974848","E","Estimated value"
"GPP","Emissions from pre and post agricultural production","380","Italy","7273","Emissions (CO2)","6506","Food Packaging","2010","2010","kt","3983.625252","E","Estimated value"
"GPP","Emissions from pre and post agricultural production","380","Italy","7273","Emissions (CO2)","6506","Food Packaging","2011","2011","kt","3681.212003","E","Estimated value"
"GPP","Emissions from pre and post agricultural production","380","Italy","7273","Emissions (CO2)","6506","Food Packaging","2012","2012","kt","3390.789474","E","Estimated value"
"GPP","Emissions from pre and post agricultural production","380","Italy","7273","Emissions (CO2)","6506","Food Packaging","2013","2013","kt","2879.848745","E","Estimated value"
"GPP","Emissions from pre and post agricultural production","380","Italy","7273","Emissions (CO2)","6506","Food Packaging","2014","2014","kt","2853.027661","E","Estimated value"
"GPP","Emissions from pre and post agricultural production","380","Italy","7273","Emissions (CO2)","6506","Food Packaging","2015","2015","kt","2958.241232","E","Estimated value"
"GPP","Emissions from pre and post agricultural production","380","Italy","7273","Emissions (CO2)","6506","Food Packaging","2016","2016","kt","3017.799018","E","Estimated value"
"GPP","Emissions from pre and post agricultural production","380","Italy","7273","Emissions (CO2)","6506","Food Packaging","2017","2017","kt","2970.740401","E","Estimated value"
"GPP","Emissions from pre and post agricultural production","380","Italy","7273","Emissions (CO2)","6506","Food Packaging","2018","2018","kt","2856.188351","E","Estimated value"
"GPP","Emissions from pre and post agricultural production","380","Italy","7273","Emissions (CO2)","6506","Food Packaging","2019","2019","kt","2720.25158","E","Estimated value"
"GPP","Emissions from pre and post agricultural production","380","Italy","7273","Emissions (CO2)","6506","Food Packaging","2020","2020","kt","2604.775821","E","Estimated value"
"GPP","Emissions from pre and post agricultural production","380","Italy","7273","Emissions (CO2)","6506","Food Packaging","2021","2021","kt","3419.143476","E","Estimated value"
"GPP","Emissions from pre and post agricultural production","380","Italy","7273","Emissions (CO2)","6506","Food Packaging","2022","2022","kt","3419.143476","I","Imputed value"
"GPP","Emissions from pre and post agricultural production","380","Italy","7273","Emissions (CO2)","6508","Food Retail","1990","1990","kt","3938.242807","E","Estimated value"
"GPP","Emissions from pre and post agricultural production","380","Italy","7273","Emissions (CO2)","6508","Food Retail","1991","1991","kt","4160.4338","E","Estimated value"
"GPP","Emissions from pre and post agricultural production","380","Italy","7273","Emissions (CO2)","6508","Food Retail","1992","1992","kt","4167.547479","E","Estimated value"
"GPP","Emissions from pre and post agricultural production","380","Italy","7273","Emissions (CO2)","6508","Food Retail","1993","1993","kt","4270.751731","E","Estimated value"
"GPP","Emissions from pre and post agricultural production","380","Italy","7273","Emissions (CO2)","6508","Food Retail","1994","1994","kt","4220.301628","E","Estimated value"
"GPP","Emissions from pre and post agricultural production","380","Italy","7273","Emissions (CO2)","6508","Food Retail","1995","1995","kt","4621.06501","E","Estimated value"
"GPP","Emissions from pre and post agricultural production","380","Italy","7273","Emissions (CO2)","6508","Food Retail","1996","1996","kt","4671.10299","E","Estimated value"
"GPP","Emissions from pre and post agricultural production","380","Italy","7273","Emissions (CO2)","6508","Food Retail","1997","1997","kt","4712.294477","E","Estimated value"
"GPP","Emissions from pre and post agricultural production","380","Italy","7273","Emissions (CO2)","6508","Food Retail","1998","1998","kt","4935.540584","E","Estimated value"
"GPP","Emissions from pre and post agricultural production","380","Italy","7273","Emissions (CO2)","6508","Food Retail","1999","1999","kt","4925.44544","E","Estimated value"
"GPP","Emissions from pre and post agricultural production","380","Italy","7273","Emissions (CO2)","6508","Food Retail","2000","2000","kt","5043.147747","E","Estimated value"
"GPP","Emissions from pre and post agricultural production","380","Italy","7273","Emissions (CO2)","6508","Food Retail","2001","2001","kt","5152.53786","E","Estimated value"
"GPP","Emissions from pre and post agricultural production","380","Italy","7273","Emissions (CO2)","6508","Food Retail","2002","2002","kt","5404.282211","E","Estimated value"
"GPP","Emissions from pre and post agricultural production","380","Italy","7273","Emissions (CO2)","6508","Food Retail","2003","2003","kt","5973.359599","E","Estimated value"
"GPP","Emissions from pre and post agricultural production","380","Italy","7273","Emissions (CO2)","6508","Food Retail","2004","2004","kt","5999.593402","E","Estimated value"
"GPP","Emissions from pre and post agricultural production","380","Italy","7273","Emissions (CO2)","6508","Food Retail","2005","2005","kt","6481.430375","E","Estimated value"
"GPP","Emissions from pre and post agricultural production","380","Italy","7273","Emissions (CO2)","6508","Food Retail","2006","2006","kt","6699.340278","E","Estimated value"
"GPP","Emissions from pre and post agricultural production","380","Italy","7273","Emissions (CO2)","6508","Food Retail","2007","2007","kt","6602.093199","E","Estimated value"
"GPP","Emissions from pre and post agricultural production","380","Italy","7273","Emissions (CO2)","6508","Food Retail","2008","2008","kt","7002.17659","E","Estimated value"
"GPP","Emissions from pre and post agricultural production","380","Italy","7273","Emissions (CO2)","6508","Food Retail","2009","2009","kt","6602.124157","E","Estimated value"
"GPP","Emissions from pre and post agricultural production","380","Italy","7273","Emissions (CO2)","6508","Food Retail","2010","2010","kt","6610.957294","E","Estimated value"
"GPP","Emissions from pre and post agricultural production","380","Italy","7273","Emissions (CO2)","6508","Food Retail","2011","2011","kt","6236.704157","E","Estimated value"
"GPP","Emissions from pre and post agricultural production","380","Italy","7273","Emissions (CO2)","6508","Food Retail","2012","2012","kt","6220.704842","E","Estimated value"
"GPP","Emissions from pre and post agricultural production","380","Italy","7273","Emissions (CO2)","6508","Food Retail","2013","2013","kt","5673.542296","E","Estimated value"
"GPP","Emissions from pre and post agricultural production","380","Italy","7273","Emissions (CO2)","6508","Food Retail","2014","2014","kt","5197.668247","E","Estimated value"
"GPP","Emissions from pre and post agricultural production","380","Italy","7273","Emissions (CO2)","6508","Food Retail","2015","2015","kt","5571.505886","E","Estimated value"
"GPP","Emissions from pre and post agricultural production","380","Italy","7273","Emissions (CO2)","6508","Food Retail","2016","2016","kt","5450.502947","E","Estimated value"
"GPP","Emissions from pre and post agricultural production","380","Italy","7273","Emissions (CO2)","6508","Food Retail","2017","2017","kt","5483.855208","E","Estimated value"
"GPP","Emissions from pre and post agricultural production","380","Italy","7273","Emissions (CO2)","6508","Food Retail","2018","2018","kt","5591.04252","E","Estimated value"
"GPP","Emissions from pre and post agricultural production","380","Italy","7273","Emissions (CO2)","6508","Food Retail","2019","2019","kt","5501.566896","E","Estimated value"
"GPP","Emissions from pre and post agricultural production","380","Italy","7273","Emissions (CO2)","6508","Food Retail","2020","2020","kt","4499.513669","E","Estimated value"
"GPP","Emissions from pre and post agricultural production","380","Italy","7273","Emissions (CO2)","6508","Food Retail","2021","2021","kt","5065.142569","E","Estimated value"
"GPP","Emissions from pre and post agricultural production","380","Italy","7273","Emissions (CO2)","6508","Food Retail","2022","2022","kt","5065.142569","I","Imputed value"
"GPP","Emissions from pre and post agricultural production","380","Italy","7273","Emissions (CO2)","6505","Food Household Consumption","1990","1990","kt","12275.942033","E","Estimated value"
"GPP","Emissions from pre and post agricultural production","380","Italy","7273","Emissions (CO2)","6505","Food Household Consumption","1991","1991","kt","12686.349641","E","Estimated value"
"GPP","Emissions from pre and post agricultural production","380","Italy","7273","Emissions (CO2)","6505","Food Household Consumption","1992","1992","kt","12496.972115","E","Estimated value"
"GPP","Emissions from pre and post agricultural production","380","Italy","7273","Emissions (CO2)","6505","Food Household Consumption","1993","1993","kt","12609.509085","E","Estimated value"
"GPP","Emissions from pre and post agricultural production","380","Italy","7273","Emissions (CO2)","6505","Food Household Consumption","1994","1994","kt","12238.112232","E","Estimated value"
"GPP","Emissions from pre and post agricultural production","380","Italy","7273","Emissions (CO2)","6505","Food Household Consumption","1995","1995","kt","13114.985515","E","Estimated value"
"GPP","Emissions from pre and post agricultural production","380","Italy","7273","Emissions (CO2)","6505","Food Household Consumption","1996","1996","kt","13037.085167","E","Estimated value"
"GPP","Emissions from pre and post agricultural production","380","Italy","7273","Emissions (CO2)","6505","Food Household Consumption","1997","1997","kt","12840.875666","E","Estimated value"
"GPP","Emissions from pre and post agricultural production","380","Italy","7273","Emissions (CO2)","6505","Food Household Consumption","1998","1998","kt","13198.088797","E","Estimated value"
"GPP","Emissions from pre and post agricultural production","380","Italy","7273","Emissions (CO2)","6505","Food Household Consumption","1999","1999","kt","13291.589873","E","Estimated value"
"GPP","Emissions from pre and post agricultural production","380","Italy","7273","Emissions (CO2)","6505","Food Household Consumption","2000","2000","kt","13227.521788","E","Estimated value"
"GPP","Emissions from pre and post agricultural production","380","Italy","7273","Emissions (CO2)","6505","Food Household Consumption","2001","2001","kt","13335.765884","E","Estimated value"
"GPP","Emissions from pre and post agricultural production","380","Italy","7273","Emissions (CO2)","6505","Food Household Consumption","2002","2002","kt","13793.222859","E","Estimated value"
"GPP","Emissions from pre and post agricultural production","380","Italy","7273","Emissions (CO2)","6505","Food Household Consumption","2003","2003","kt","14654.30785","E","Estimated value"
"GPP","Emissions from pre and post agricultural production","380","Italy","7273","Emissions (CO2)","6505","Food Household Consumption","2004","2004","kt","14735.623778","E","Estimated value"
"GPP","Emissions from pre and post agricultural production","380","Italy","7273","Emissions (CO2)","6505","Food Household Consumption","2005","2005","kt","14926.52774","E","Estimated value"
"GPP","Emissions from pre and post agricultural production","380","Italy","7273","Emissions (CO2)","6505","Food Household Consumption","2006","2006","kt","14358.838224","E","Estimated value"
"GPP","Emissions from pre and post agricultural production","380","Italy","7273","Emissions (CO2)","6505","Food Household Consumption","2007","2007","kt","14009.957991","E","Estimated value"
"GPP","Emissions from pre and post agricultural production","380","Italy","7273","Emissions (CO2)","6505","Food Household Consumption","2008","2008","kt","13619.418693","E","Estimated value"
"GPP","Emissions from pre and post agricultural production","380","Italy","7273","Emissions (CO2)","6505","Food Household Consumption","2009","2009","kt","13013.037465","E","Estimated value"
"GPP","Emissions from pre and post agricultural production","380","Italy","7273","Emissions (CO2)","6505","Food Household Consumption","2010","2010","kt","13350.524515","E","Estimated value"
"GPP","Emissions from pre and post agricultural production","380","Italy","7273","Emissions (CO2)","6505","Food Household Consumption","2011","2011","kt","12915.001225","E","Estimated value"
"GPP","Emissions from pre and post agricultural production","380","Italy","7273","Emissions (CO2)","6505","Food Household Consumption","2012","2012","kt","12551.328868","E","Estimated value"
"GPP","Emissions from pre and post agricultural production","380","Italy","7273","Emissions (CO2)","6505","Food Household Consumption","2013","2013","kt","11532.703647","E","Estimated value"
"GPP","Emissions from pre and post agricultural production","380","Italy","7273","Emissions (CO2)","6505","Food Household Consumption","2014","2014","kt","10438.009252","E","Estimated value"
"GPP","Emissions from pre and post agricultural production","380","Italy","7273","Emissions (CO2)","6505","Food Household Consumption","2015","2015","kt","11024.100151","E","Estimated value"
"GPP","Emissions from pre and post agricultural production","380","Italy","7273","Emissions (CO2)","6505","Food Household Consumption","2016","2016","kt","10569.52808","E","Estimated value"
"GPP","Emissions from pre and post agricultural production","380","Italy","7273","Emissions (CO2)","6505","Food Household Consumption","2017","2017","kt","10341.879704","E","Estimated value"
"GPP","Emissions from pre and post agricultural production","380","Italy","7273","Emissions (CO2)","6505","Food Household Consumption","2018","2018","kt","9707.061938","E","Estimated value"
"GPP","Emissions from pre and post agricultural production","380","Italy","7273","Emissions (CO2)","6505","Food Household Consumption","2019","2019","kt","9234.715076","E","Estimated value"
"GPP","Emissions from pre and post agricultural production","380","Italy","7273","Emissions (CO2)","6505","Food Household Consumption","2020","2020","kt","9285.954473","E","Estimated value"
"GPP","Emissions from pre and post agricultural production","380","Italy","7273","Emissions (CO2)","6505","Food Household Consumption","2021","2021","kt","9245.212236","E","Estimated value"
"GPP","Emissions from pre and post agricultural production","380","Italy","7273","Emissions (CO2)","6505","Food Household Consumption","2022","2022","kt","9245.212236","I","Imputed value"
"GPP","Emissions from pre and post agricultural production","380","Italy","7273","Emissions (CO2)","6990","Incineration","1990","1990","kt","614.099162","E","Estimated value"
"GPP","Emissions from pre and post agricultural production","380","Italy","7273","Emissions (CO2)","6990","Incineration","1991","1991","kt","615.282559","E","Estimated value"
"GPP","Emissions from pre and post agricultural production","380","Italy","7273","Emissions (CO2)","6990","Incineration","1992","1992","kt","616.555887","E","Estimated value"
"GPP","Emissions from pre and post agricultural production","380","Italy","7273","Emissions (CO2)","6990","Incineration","1993","1993","kt","611.810216","E","Estimated value"
"GPP","Emissions from pre and post agricultural production","380","Italy","7273","Emissions (CO2)","6990","Incineration","1994","1994","kt","612.509722","E","Estimated value"
"GPP","Emissions from pre and post agricultural production","380","Italy","7273","Emissions (CO2)","6990","Incineration","1995","1995","kt","613.976132","E","Estimated value"
"GPP","Emissions from pre and post agricultural production","380","Italy","7273","Emissions (CO2)","6990","Incineration","1996","1996","kt","616.426152","E","Estimated value"
"GPP","Emissions from pre and post agricultural production","380","Italy","7273","Emissions (CO2)","6990","Incineration","1997","1997","kt","615.205489","E","Estimated value"
"GPP","Emissions from pre and post agricultural production","380","Italy","7273","Emissions (CO2)","6990","Incineration","1998","1998","kt","615.701007","E","Estimated value"
"GPP","Emissions from pre and post agricultural production","380","Italy","7273","Emissions (CO2)","6990","Incineration","1999","1999","kt","615.392724","E","Estimated value"
"GPP","Emissions from pre and post agricultural production","380","Italy","7273","Emissions (CO2)","6990","Incineration","2000","2000","kt","613.443543","E","Estimated value"
"GPP","Emissions from pre and post agricultural production","380","Italy","7273","Emissions (CO2)","6990","Incineration","2001","2001","kt","613.850899","E","Estimated value"
"GPP","Emissions from pre and post agricultural production","380","Italy","7273","Emissions (CO2)","6990","Incineration","2002","2002","kt","615.81759","E","Estimated value"
"GPP","Emissions from pre and post agricultural production","380","Italy","7273","Emissions (CO2)","6990","Incineration","2003","2003","kt","620.491866","E","Estimated value"
"GPP","Emissions from pre and post agricultural production","380","Italy","7273","Emissions (CO2)","6990","Incineration","2004","2004","kt","623.485221","E","Estimated value"
"GPP","Emissions from pre and post agricultural production","380","Italy","7273","Emissions (CO2)","6990","Incineration","2005","2005","kt","624.108335","E","Estimated value"
"GPP","Emissions from pre and post agricultural production","380","Italy","7273","Emissions (CO2)","6990","Incineration","2006","2006","kt","625.168291","E","Estimated value"
"GPP","Emissions from pre and post agricultural production","380","Italy","7273","Emissions (CO2)","6990","Incineration","2007","2007","kt","627.969439","E","Estimated value"
"GPP","Emissions from pre and post agricultural production","380","Italy","7273","Emissions (CO2)","6990","Incineration","2008","2008","kt","629.840094","E","Estimated value"
"GPP","Emissions from pre and post agricultural production","380","Italy","7273","Emissions (CO2)","6990","Incineration","2009","2009","kt","627.83758","E","Estimated value"
"GPP","Emissions from pre and post agricultural production","380","Italy","7273","Emissions (CO2)","6990","Incineration","2010","2010","kt","627.187112","E","Estimated value"
"GPP","Emissions from pre and post agricultural production","380","Italy","7273","Emissions (CO2)","6990","Incineration","2011","2011","kt","628.772129","E","Estimated value"
"GPP","Emissions from pre and post agricultural production","380","Italy","7273","Emissions (CO2)","6990","Incineration","2012","2012","kt","626.672963","E","Estimated value"
"GPP","Emissions from pre and post agricultural production","380","Italy","7273","Emissions (CO2)","6990","Incineration","2013","2013","kt","627.247221","E","Estimated value"
"GPP","Emissions from pre and post agricultural production","380","Italy","7273","Emissions (CO2)","6990","Incineration","2014","2014","kt","627.453465","E","Estimated value"
"GPP","Emissions from pre and post agricultural production","380","Italy","7273","Emissions (CO2)","6990","Incineration","2015","2015","kt","623.850276","E","Estimated value"
"GPP","Emissions from pre and post agricultural production","380","Italy","7273","Emissions (CO2)","6990","Incineration","2016","2016","kt","624.331308","E","Estimated value"
"GPP","Emissions from pre and post agricultural production","380","Italy","7273","Emissions (CO2)","6990","Incineration","2017","2017","kt","625.306671","E","Estimated value"
"GPP","Emissions from pre and post agricultural production","380","Italy","7273","Emissions (CO2)","6990","Incineration","2018","2018","kt","626.725511","E","Estimated value"
"GPP","Emissions from pre and post agricultural production","380","Italy","7273","Emissions (CO2)","6990","Incineration","2019","2019","kt","625.857064","E","Estimated value"
"GPP","Emissions from pre and post agricultural production","380","Italy","7273","Emissions (CO2)","6990","Incineration","2020","2020","kt","624.512984","E","Estimated value"
"GPP","Emissions from pre and post agricultural production","380","Italy","7273","Emissions (CO2)","6990","Incineration","2021","2021","kt","626.809308","E","Estimated value"
"GPP","Emissions from pre and post agricultural production","380","Italy","7273","Emissions (CO2)","6990","Incineration","2022","2022","kt","626.809308","I","Imputed value"
