﻿Domain Code,Domain,Area Code (M49),Area,Element Code,Element,Item Code,Item,Year Code,Year,Unit,Value,Flag,Flag Description,Note
"RL","Land Use","380","Italy","5110","Area","6602","Agriculture","1961","1961","1000 ha","20683","I","Imputed value",""
"RL","Land Use","380","Italy","5110","Area","6602","Agriculture","1962","1962","1000 ha","20652","I","Imputed value",""
"RL","Land Use","380","Italy","5110","Area","6602","Agriculture","1963","1963","1000 ha","20510","I","Imputed value",""
"RL","Land Use","380","Italy","5110","Area","6602","Agriculture","1964","1964","1000 ha","20462","I","Imputed value",""
"RL","Land Use","380","Italy","5110","Area","6602","Agriculture","1965","1965","1000 ha","20440","I","Imputed value",""
"RL","Land Use","380","Italy","5110","Area","6602","Agriculture","1966","1966","1000 ha","20405","I","Imputed value",""
"RL","Land Use","380","Italy","5110","Area","6602","Agriculture","1967","1967","1000 ha","20379","I","Imputed value",""
"RL","Land Use","380","Italy","5110","Area","6602","Agriculture","1968","1968","1000 ha","20355","I","Imputed value",""
"RL","Land Use","380","Italy","5110","Area","6602","Agriculture","1969","1969","1000 ha","20227","I","Imputed value",""
"RL","Land Use","380","Italy","5110","Area","6602","Agriculture","1970","1970","1000 ha","20180","I","Imputed value",""
"RL","Land Use","380","Italy","5110","Area","6602","Agriculture","1971","1971","1000 ha","17649","I","Imputed value",""
"RL","Land Use","380","Italy","5110","Area","6602","Agriculture","1972","1972","1000 ha","17508","I","Imputed value",""
"RL","Land Use","380","Italy","5110","Area","6602","Agriculture","1973","1973","1000 ha","17482","I","Imputed value",""
"RL","Land Use","380","Italy","5110","Area","6602","Agriculture","1974","1974","1000 ha","17502","I","Imputed value",""
"RL","Land Use","380","Italy","5110","Area","6602","Agriculture","1975","1975","1000 ha","17517","I","Imputed value",""
"RL","Land Use","380","Italy","5110","Area","6602","Agriculture","1976","1976","1000 ha","17529","I","Imputed value",""
"RL","Land Use","380","Italy","5110","Area","6602","Agriculture","1977","1977","1000 ha","17501","I","Imputed value",""
"RL","Land Use","380","Italy","5110","Area","6602","Agriculture","1978","1978","1000 ha","17589","I","Imputed value",""
"RL","Land Use","380","Italy","5110","Area","6602","Agriculture","1979","1979","1000 ha","17608","I","Imputed value",""
"RL","Land Use","380","Italy","5110","Area","6602","Agriculture","1980","1980","1000 ha","17562","I","Imputed value",""
"RL","Land Use","380","Italy","5110","Area","6602","Agriculture","1981","1981","1000 ha","17551","I","Imputed value",""
"RL","Land Use","380","Italy","5110","Area","6602","Agriculture","1982","1982","1000 ha","17536","I","Imputed value",""
"RL","Land Use","380","Italy","5110","Area","6602","Agriculture","1983","1983","1000 ha","17260","I","Imputed value",""
"RL","Land Use","380","Italy","5110","Area","6602","Agriculture","1984","1984","1000 ha","17244","I","Imputed value",""
"RL","Land Use","380","Italy","5110","Area","6602","Agriculture","1985","1985","1000 ha","17095","I","Imputed value",""
"RL","Land Use","380","Italy","5110","Area","6602","Agriculture","1986","1986","1000 ha","17042","I","Imputed value",""
"RL","Land Use","380","Italy","5110","Area","6602","Agriculture","1987","1987","1000 ha","17012","I","Imputed value",""
"RL","Land Use","380","Italy","5110","Area","6602","Agriculture","1988","1988","1000 ha","16839","I","Imputed value",""
"RL","Land Use","380","Italy","5110","Area","6602","Agriculture","1989","1989","1000 ha","16850","I","Imputed value",""
"RL","Land Use","380","Italy","5110","Area","6602","Agriculture","1990","1990","1000 ha","16840","I","Imputed value",""
"RL","Land Use","380","Italy","5110","Area","6602","Agriculture","1991","1991","1000 ha","16054","I","Imputed value",""
"RL","Land Use","380","Italy","5110","Area","6602","Agriculture","1992","1992","1000 ha","15978","I","Imputed value",""
"RL","Land Use","380","Italy","5110","Area","6602","Agriculture","1993","1993","1000 ha","15910","I","Imputed value",""
"RL","Land Use","380","Italy","5110","Area","6602","Agriculture","1994","1994","1000 ha","15702","I","Imputed value",""
"RL","Land Use","380","Italy","5110","Area","6602","Agriculture","1995","1995","1000 ha","15333","I","Imputed value",""
"RL","Land Use","380","Italy","5110","Area","6602","Agriculture","1996","1996","1000 ha","15349","I","Imputed value",""
"RL","Land Use","380","Italy","5110","Area","6602","Agriculture","1997","1997","1000 ha","15345","I","Imputed value",""
"RL","Land Use","380","Italy","5110","Area","6602","Agriculture","1998","1998","1000 ha","15484","I","Imputed value",""
"RL","Land Use","380","Italy","5110","Area","6602","Agriculture","1999","1999","1000 ha","15799","I","Imputed value",""
"RL","Land Use","380","Italy","5110","Area","6602","Agriculture","2000","2000","1000 ha","15637","I","Imputed value",""
"RL","Land Use","380","Italy","5110","Area","6602","Agriculture","2001","2001","1000 ha","15502","I","Imputed value",""
"RL","Land Use","380","Italy","5110","Area","6602","Agriculture","2002","2002","1000 ha","15273","I","Imputed value",""
"RL","Land Use","380","Italy","5110","Area","6602","Agriculture","2003","2003","1000 ha","14907","I","Imputed value",""
"RL","Land Use","380","Italy","5110","Area","6602","Agriculture","2004","2004","1000 ha","14883","I","Imputed value",""
"RL","Land Use","380","Italy","5110","Area","6602","Agriculture","2005","2005","1000 ha","14736","I","Imputed value",""
"RL","Land Use","380","Italy","5110","Area","6602","Agriculture","2006","2006","1000 ha","14203","I","Imputed value",""
"RL","Land Use","380","Italy","5110","Area","6602","Agriculture","2007","2007","1000 ha","14162","I","Imputed value",""
"RL","Land Use","380","Italy","5110","Area","6602","Agriculture","2008","2008","1000 ha","14457.2","I","Imputed value",""
"RL","Land Use","380","Italy","5110","Area","6602","Agriculture","2009","2009","1000 ha","13982.4","I","Imputed value",""
"RL","Land Use","380","Italy","5110","Area","6602","Agriculture","2010","2010","1000 ha","14327.8","I","Imputed value",""
"RL","Land Use","380","Italy","5110","Area","6602","Agriculture","2011","2011","1000 ha","13852.6","I","Imputed value",""
"RL","Land Use","380","Italy","5110","Area","6602","Agriculture","2012","2012","1000 ha","13729","I","Imputed value",""
"RL","Land Use","380","Italy","5110","Area","6602","Agriculture","2013","2013","1000 ha","13630","I","Imputed value",""
"RL","Land Use","380","Italy","5110","Area","6602","Agriculture","2014","2014","1000 ha","13162","I","Imputed value",""
"RL","Land Use","380","Italy","5110","Area","6602","Agriculture","2015","2015","1000 ha","12945","I","Imputed value",""
"RL","Land Use","380","Italy","5110","Area","6602","Agriculture","2016","2016","1000 ha","12812","I","Imputed value",""
"RL","Land Use","380","Italy","5110","Area","6602","Agriculture","2017","2017","1000 ha","12826.57","I","Imputed value",""
"RL","Land Use","380","Italy","5110","Area","6602","Agriculture","2018","2018","1000 ha","12451","A","Official figure",""
"RL","Land Use","380","Italy","5110","Area","6602","Agriculture","2019","2019","1000 ha","13150","A","Official figure",""
"RL","Land Use","380","Italy","5110","Area","6602","Agriculture","2020","2020","1000 ha","13520.6","A","Official figure",""
"RL","Land Use","380","Italy","5110","Area","6602","Agriculture","2021","2021","1000 ha","12403.0309","I","Imputed value",""
"RL","Land Use","380","Italy","5110","Area","6602","Agriculture","2022","2022","1000 ha","13000.782","I","Imputed value",""
"RL","Land Use","380","Italy","5110","Area","6602","Agriculture","2023","2023","1000 ha","13087.557","I","Imputed value",""
"RL","Land Use","380","Italy","5110","Area","6610","Agricultural land","1961","1961","1000 ha","20683","A","Official figure",""
"RL","Land Use","380","Italy","5110","Area","6610","Agricultural land","1962","1962","1000 ha","20652","A","Official figure",""
"RL","Land Use","380","Italy","5110","Area","6610","Agricultural land","1963","1963","1000 ha","20510","A","Official figure",""
"RL","Land Use","380","Italy","5110","Area","6610","Agricultural land","1964","1964","1000 ha","20462","A","Official figure",""
"RL","Land Use","380","Italy","5110","Area","6610","Agricultural land","1965","1965","1000 ha","20440","A","Official figure",""
"RL","Land Use","380","Italy","5110","Area","6610","Agricultural land","1966","1966","1000 ha","20405","A","Official figure",""
"RL","Land Use","380","Italy","5110","Area","6610","Agricultural land","1967","1967","1000 ha","20379","A","Official figure",""
"RL","Land Use","380","Italy","5110","Area","6610","Agricultural land","1968","1968","1000 ha","20355","A","Official figure",""
"RL","Land Use","380","Italy","5110","Area","6610","Agricultural land","1969","1969","1000 ha","20227","A","Official figure",""
"RL","Land Use","380","Italy","5110","Area","6610","Agricultural land","1970","1970","1000 ha","20180","A","Official figure",""
"RL","Land Use","380","Italy","5110","Area","6610","Agricultural land","1971","1971","1000 ha","17649","A","Official figure",""
"RL","Land Use","380","Italy","5110","Area","6610","Agricultural land","1972","1972","1000 ha","17508","A","Official figure",""
"RL","Land Use","380","Italy","5110","Area","6610","Agricultural land","1973","1973","1000 ha","17482","A","Official figure",""
"RL","Land Use","380","Italy","5110","Area","6610","Agricultural land","1974","1974","1000 ha","17502","A","Official figure",""
"RL","Land Use","380","Italy","5110","Area","6610","Agricultural land","1975","1975","1000 ha","17517","A","Official figure",""
"RL","Land Use","380","Italy","5110","Area","6610","Agricultural land","1976","1976","1000 ha","17529","A","Official figure",""
"RL","Land Use","380","Italy","5110","Area","6610","Agricultural land","1977","1977","1000 ha","17501","A","Official figure",""
"RL","Land Use","380","Italy","5110","Area","6610","Agricultural land","1978","1978","1000 ha","17589","A","Official figure",""
"RL","Land Use","380","Italy","5110","Area","6610","Agricultural land","1979","1979","1000 ha","17608","A","Official figure",""
"RL","Land Use","380","Italy","5110","Area","6610","Agricultural land","1980","1980","1000 ha","17562","A","Official figure",""
"RL","Land Use","380","Italy","5110","Area","6610","Agricultural land","1981","1981","1000 ha","17551","A","Official figure",""
"RL","Land Use","380","Italy","5110","Area","6610","Agricultural land","1982","1982","1000 ha","17536","A","Official figure",""
"RL","Land Use","380","Italy","5110","Area","6610","Agricultural land","1983","1983","1000 ha","17260","A","Official figure",""
"RL","Land Use","380","Italy","5110","Area","6610","Agricultural land","1984","1984","1000 ha","17244","A","Official figure",""
"RL","Land Use","380","Italy","5110","Area","6610","Agricultural land","1985","1985","1000 ha","17095","A","Official figure",""
"RL","Land Use","380","Italy","5110","Area","6610","Agricultural land","1986","1986","1000 ha","17042","A","Official figure",""
"RL","Land Use","380","Italy","5110","Area","6610","Agricultural land","1987","1987","1000 ha","17012","A","Official figure",""
"RL","Land Use","380","Italy","5110","Area","6610","Agricultural land","1988","1988","1000 ha","16839","A","Official figure",""
"RL","Land Use","380","Italy","5110","Area","6610","Agricultural land","1989","1989","1000 ha","16850","A","Official figure",""
"RL","Land Use","380","Italy","5110","Area","6610","Agricultural land","1990","1990","1000 ha","16840","A","Official figure",""
"RL","Land Use","380","Italy","5110","Area","6610","Agricultural land","1991","1991","1000 ha","16054","I","Imputed value",""
"RL","Land Use","380","Italy","5110","Area","6610","Agricultural land","1992","1992","1000 ha","15978","I","Imputed value",""
"RL","Land Use","380","Italy","5110","Area","6610","Agricultural land","1993","1993","1000 ha","15910","I","Imputed value",""
"RL","Land Use","380","Italy","5110","Area","6610","Agricultural land","1994","1994","1000 ha","15702","A","Official figure",""
"RL","Land Use","380","Italy","5110","Area","6610","Agricultural land","1995","1995","1000 ha","15333","A","Official figure",""
"RL","Land Use","380","Italy","5110","Area","6610","Agricultural land","1996","1996","1000 ha","15349","A","Official figure",""
"RL","Land Use","380","Italy","5110","Area","6610","Agricultural land","1997","1997","1000 ha","15345","A","Official figure",""
"RL","Land Use","380","Italy","5110","Area","6610","Agricultural land","1998","1998","1000 ha","15484","A","Official figure",""
"RL","Land Use","380","Italy","5110","Area","6610","Agricultural land","1999","1999","1000 ha","15799","A","Official figure",""
"RL","Land Use","380","Italy","5110","Area","6610","Agricultural land","2000","2000","1000 ha","15637","I","Imputed value",""
"RL","Land Use","380","Italy","5110","Area","6610","Agricultural land","2001","2001","1000 ha","15502","I","Imputed value",""
"RL","Land Use","380","Italy","5110","Area","6610","Agricultural land","2002","2002","1000 ha","15273","I","Imputed value",""
"RL","Land Use","380","Italy","5110","Area","6610","Agricultural land","2003","2003","1000 ha","14907","I","Imputed value",""
"RL","Land Use","380","Italy","5110","Area","6610","Agricultural land","2004","2004","1000 ha","14883","I","Imputed value",""
"RL","Land Use","380","Italy","5110","Area","6610","Agricultural land","2005","2005","1000 ha","14736","I","Imputed value",""
"RL","Land Use","380","Italy","5110","Area","6610","Agricultural land","2006","2006","1000 ha","14203","I","Imputed value",""
"RL","Land Use","380","Italy","5110","Area","6610","Agricultural land","2007","2007","1000 ha","14162","I","Imputed value",""
"RL","Land Use","380","Italy","5110","Area","6610","Agricultural land","2008","2008","1000 ha","14457.2","I","Imputed value",""
"RL","Land Use","380","Italy","5110","Area","6610","Agricultural land","2009","2009","1000 ha","13982.4","I","Imputed value",""
"RL","Land Use","380","Italy","5110","Area","6610","Agricultural land","2010","2010","1000 ha","14327.8","I","Imputed value",""
"RL","Land Use","380","Italy","5110","Area","6610","Agricultural land","2011","2011","1000 ha","13852.6","I","Imputed value",""
"RL","Land Use","380","Italy","5110","Area","6610","Agricultural land","2012","2012","1000 ha","13729","I","Imputed value",""
"RL","Land Use","380","Italy","5110","Area","6610","Agricultural land","2013","2013","1000 ha","13630","A","Official figure",""
"RL","Land Use","380","Italy","5110","Area","6610","Agricultural land","2014","2014","1000 ha","13162","A","Official figure",""
"RL","Land Use","380","Italy","5110","Area","6610","Agricultural land","2015","2015","1000 ha","12945","A","Official figure",""
"RL","Land Use","380","Italy","5110","Area","6610","Agricultural land","2016","2016","1000 ha","12812","A","Official figure",""
"RL","Land Use","380","Italy","5110","Area","6610","Agricultural land","2017","2017","1000 ha","12826.57","A","Official figure",""
"RL","Land Use","380","Italy","5110","Area","6610","Agricultural land","2018","2018","1000 ha","12405","A","Official figure",""
"RL","Land Use","380","Italy","5110","Area","6610","Agricultural land","2019","2019","1000 ha","13120.962","A","Official figure",""
"RL","Land Use","380","Italy","5110","Area","6610","Agricultural land","2020","2020","1000 ha","12518.37","A","Official figure",""
"RL","Land Use","380","Italy","5110","Area","6610","Agricultural land","2021","2021","1000 ha","12403.0309","A","Official figure",""
"RL","Land Use","380","Italy","5110","Area","6610","Agricultural land","2022","2022","1000 ha","13000.782","A","Official figure",""
"RL","Land Use","380","Italy","5110","Area","6610","Agricultural land","2023","2023","1000 ha","13087.557","I","Imputed value",""
"RL","Land Use","380","Italy","5110","Area","6620","Cropland","1961","1961","1000 ha","15608","A","Official figure",""
"RL","Land Use","380","Italy","5110","Area","6620","Cropland","1962","1962","1000 ha","15570","A","Official figure",""
"RL","Land Use","380","Italy","5110","Area","6620","Cropland","1963","1963","1000 ha","15415","A","Official figure",""
"RL","Land Use","380","Italy","5110","Area","6620","Cropland","1964","1964","1000 ha","15374","A","Official figure",""
"RL","Land Use","380","Italy","5110","Area","6620","Cropland","1965","1965","1000 ha","15302","A","Official figure",""
"RL","Land Use","380","Italy","5110","Area","6620","Cropland","1966","1966","1000 ha","15258","A","Official figure",""
"RL","Land Use","380","Italy","5110","Area","6620","Cropland","1967","1967","1000 ha","15213","A","Official figure",""
"RL","Land Use","380","Italy","5110","Area","6620","Cropland","1968","1968","1000 ha","15195","A","Official figure",""
"RL","Land Use","380","Italy","5110","Area","6620","Cropland","1969","1969","1000 ha","15001","A","Official figure",""
"RL","Land Use","380","Italy","5110","Area","6620","Cropland","1970","1970","1000 ha","14930","A","Official figure",""
"RL","Land Use","380","Italy","5110","Area","6620","Cropland","1971","1971","1000 ha","12409","A","Official figure",""
"RL","Land Use","380","Italy","5110","Area","6620","Cropland","1972","1972","1000 ha","12305","A","Official figure",""
"RL","Land Use","380","Italy","5110","Area","6620","Cropland","1973","1973","1000 ha","12233","A","Official figure",""
"RL","Land Use","380","Italy","5110","Area","6620","Cropland","1974","1974","1000 ha","12288","A","Official figure",""
"RL","Land Use","380","Italy","5110","Area","6620","Cropland","1975","1975","1000 ha","12313","A","Official figure",""
"RL","Land Use","380","Italy","5110","Area","6620","Cropland","1976","1976","1000 ha","12353","A","Official figure",""
"RL","Land Use","380","Italy","5110","Area","6620","Cropland","1977","1977","1000 ha","12335","A","Official figure",""
"RL","Land Use","380","Italy","5110","Area","6620","Cropland","1978","1978","1000 ha","12422","A","Official figure",""
"RL","Land Use","380","Italy","5110","Area","6620","Cropland","1979","1979","1000 ha","12446","A","Official figure",""
"RL","Land Use","380","Italy","5110","Area","6620","Cropland","1980","1980","1000 ha","12436","A","Official figure",""
"RL","Land Use","380","Italy","5110","Area","6620","Cropland","1981","1981","1000 ha","12424","A","Official figure",""
"RL","Land Use","380","Italy","5110","Area","6620","Cropland","1982","1982","1000 ha","12415","A","Official figure",""
"RL","Land Use","380","Italy","5110","Area","6620","Cropland","1983","1983","1000 ha","12268","A","Official figure",""
"RL","Land Use","380","Italy","5110","Area","6620","Cropland","1984","1984","1000 ha","12232","A","Official figure",""
"RL","Land Use","380","Italy","5110","Area","6620","Cropland","1985","1985","1000 ha","12114","A","Official figure",""
"RL","Land Use","380","Italy","5110","Area","6620","Cropland","1986","1986","1000 ha","12098","A","Official figure",""
"RL","Land Use","380","Italy","5110","Area","6620","Cropland","1987","1987","1000 ha","12070","A","Official figure",""
"RL","Land Use","380","Italy","5110","Area","6620","Cropland","1988","1988","1000 ha","11981","A","Official figure",""
"RL","Land Use","380","Italy","5110","Area","6620","Cropland","1989","1989","1000 ha","11967","A","Official figure",""
"RL","Land Use","380","Italy","5110","Area","6620","Cropland","1990","1990","1000 ha","11972","A","Official figure",""
"RL","Land Use","380","Italy","5110","Area","6620","Cropland","1991","1991","1000 ha","11850","I","Imputed value",""
"RL","Land Use","380","Italy","5110","Area","6620","Cropland","1992","1992","1000 ha","11629","I","Imputed value",""
"RL","Land Use","380","Italy","5110","Area","6620","Cropland","1993","1993","1000 ha","11380","I","Imputed value",""
"RL","Land Use","380","Italy","5110","Area","6620","Cropland","1994","1994","1000 ha","11143","A","Official figure",""
"RL","Land Use","380","Italy","5110","Area","6620","Cropland","1995","1995","1000 ha","10928","A","Official figure",""
"RL","Land Use","380","Italy","5110","Area","6620","Cropland","1996","1996","1000 ha","11006","A","Official figure",""
"RL","Land Use","380","Italy","5110","Area","6620","Cropland","1997","1997","1000 ha","10974","A","Official figure",""
"RL","Land Use","380","Italy","5110","Area","6620","Cropland","1998","1998","1000 ha","11137","A","Official figure",""
"RL","Land Use","380","Italy","5110","Area","6620","Cropland","1999","1999","1000 ha","11422","A","Official figure",""
"RL","Land Use","380","Italy","5110","Area","6620","Cropland","2000","2000","1000 ha","11284","I","Imputed value",""
"RL","Land Use","380","Italy","5110","Area","6620","Cropland","2001","2001","1000 ha","11137","I","Imputed value",""
"RL","Land Use","380","Italy","5110","Area","6620","Cropland","2002","2002","1000 ha","10894","I","Imputed value",""
"RL","Land Use","380","Italy","5110","Area","6620","Cropland","2003","2003","1000 ha","10539","I","Imputed value",""
"RL","Land Use","380","Italy","5110","Area","6620","Cropland","2004","2004","1000 ha","10529","A","Official figure",""
"RL","Land Use","380","Italy","5110","Area","6620","Cropland","2005","2005","1000 ha","10334","A","Official figure",""
"RL","Land Use","380","Italy","5110","Area","6620","Cropland","2006","2006","1000 ha","9921","A","Official figure",""
"RL","Land Use","380","Italy","5110","Area","6620","Cropland","2007","2007","1000 ha","9702","A","Official figure",""
"RL","Land Use","380","Italy","5110","Area","6620","Cropland","2008","2008","1000 ha","10041.2","I","Imputed value",""
"RL","Land Use","380","Italy","5110","Area","6620","Cropland","2009","2009","1000 ha","9559.4","I","Imputed value",""
"RL","Land Use","380","Italy","5110","Area","6620","Cropland","2010","2010","1000 ha","9629.8","I","Imputed value",""
"RL","Land Use","380","Italy","5110","Area","6620","Cropland","2011","2011","1000 ha","9240.6","I","Imputed value",""
"RL","Land Use","380","Italy","5110","Area","6620","Cropland","2012","2012","1000 ha","9560","I","Imputed value",""
"RL","Land Use","380","Italy","5110","Area","6620","Cropland","2013","2013","1000 ha","9087","A","Official figure",""
"RL","Land Use","380","Italy","5110","Area","6620","Cropland","2014","2014","1000 ha","9121","A","Official figure",""
"RL","Land Use","380","Italy","5110","Area","6620","Cropland","2015","2015","1000 ha","9048","A","Official figure",""
"RL","Land Use","380","Italy","5110","Area","6620","Cropland","2016","2016","1000 ha","9149","A","Official figure",""
"RL","Land Use","380","Italy","5110","Area","6620","Cropland","2017","2017","1000 ha","9218.27","A","Official figure",""
"RL","Land Use","380","Italy","5110","Area","6620","Cropland","2018","2018","1000 ha","9160","A","Official figure",""
"RL","Land Use","380","Italy","5110","Area","6620","Cropland","2019","2019","1000 ha","9329.07","A","Official figure",""
"RL","Land Use","380","Italy","5110","Area","6620","Cropland","2020","2020","1000 ha","9384.57","A","Official figure",""
"RL","Land Use","380","Italy","5110","Area","6620","Cropland","2021","2021","1000 ha","9361.4345","A","Official figure",""
"RL","Land Use","380","Italy","5110","Area","6620","Cropland","2022","2022","1000 ha","9471.121","A","Official figure",""
"RL","Land Use","380","Italy","5110","Area","6620","Cropland","2023","2023","1000 ha","9484.067","I","Imputed value",""
"RL","Land Use","380","Italy","5110","Area","6621","Arable land","1961","1961","1000 ha","12862","A","Official figure",""
"RL","Land Use","380","Italy","5110","Area","6621","Arable land","1962","1962","1000 ha","12795","A","Official figure",""
"RL","Land Use","380","Italy","5110","Area","6621","Arable land","1963","1963","1000 ha","12674","A","Official figure",""
"RL","Land Use","380","Italy","5110","Area","6621","Arable land","1964","1964","1000 ha","12598","A","Official figure",""
"RL","Land Use","380","Italy","5110","Area","6621","Arable land","1965","1965","1000 ha","12524","A","Official figure",""
"RL","Land Use","380","Italy","5110","Area","6621","Arable land","1966","1966","1000 ha","12444","A","Official figure",""
"RL","Land Use","380","Italy","5110","Area","6621","Arable land","1967","1967","1000 ha","12389","A","Official figure",""
"RL","Land Use","380","Italy","5110","Area","6621","Arable land","1968","1968","1000 ha","12346","A","Official figure",""
"RL","Land Use","380","Italy","5110","Area","6621","Arable land","1969","1969","1000 ha","12221","A","Official figure",""
"RL","Land Use","380","Italy","5110","Area","6621","Arable land","1970","1970","1000 ha","11984","A","Official figure",""
"RL","Land Use","380","Italy","5110","Area","6621","Arable land","1971","1971","1000 ha","9511","A","Official figure",""
"RL","Land Use","380","Italy","5110","Area","6621","Arable land","1972","1972","1000 ha","9393","A","Official figure",""
"RL","Land Use","380","Italy","5110","Area","6621","Arable land","1973","1973","1000 ha","9288","A","Official figure",""
"RL","Land Use","380","Italy","5110","Area","6621","Arable land","1974","1974","1000 ha","9319","A","Official figure",""
"RL","Land Use","380","Italy","5110","Area","6621","Arable land","1975","1975","1000 ha","9330","A","Official figure",""
"RL","Land Use","380","Italy","5110","Area","6621","Arable land","1976","1976","1000 ha","9364","A","Official figure",""
"RL","Land Use","380","Italy","5110","Area","6621","Arable land","1977","1977","1000 ha","9359","A","Official figure",""
"RL","Land Use","380","Italy","5110","Area","6621","Arable land","1978","1978","1000 ha","9451","A","Official figure",""
"RL","Land Use","380","Italy","5110","Area","6621","Arable land","1979","1979","1000 ha","9476","A","Official figure",""
"RL","Land Use","380","Italy","5110","Area","6621","Arable land","1980","1980","1000 ha","9483","A","Official figure",""
"RL","Land Use","380","Italy","5110","Area","6621","Arable land","1981","1981","1000 ha","9466","A","Official figure",""
"RL","Land Use","380","Italy","5110","Area","6621","Arable land","1982","1982","1000 ha","9458","A","Official figure",""
"RL","Land Use","380","Italy","5110","Area","6621","Arable land","1983","1983","1000 ha","9128","A","Official figure",""
"RL","Land Use","380","Italy","5110","Area","6621","Arable land","1984","1984","1000 ha","9097","A","Official figure",""
"RL","Land Use","380","Italy","5110","Area","6621","Arable land","1985","1985","1000 ha","9050","A","Official figure",""
"RL","Land Use","380","Italy","5110","Area","6621","Arable land","1986","1986","1000 ha","9086","A","Official figure",""
"RL","Land Use","380","Italy","5110","Area","6621","Arable land","1987","1987","1000 ha","9065","A","Official figure",""
"RL","Land Use","380","Italy","5110","Area","6621","Arable land","1988","1988","1000 ha","8958","A","Official figure",""
"RL","Land Use","380","Italy","5110","Area","6621","Arable land","1989","1989","1000 ha","8993","A","Official figure",""
"RL","Land Use","380","Italy","5110","Area","6621","Arable land","1990","1990","1000 ha","9012","A","Official figure",""
"RL","Land Use","380","Italy","5110","Area","6621","Arable land","1991","1991","1000 ha","8900","I","Imputed value",""
"RL","Land Use","380","Italy","5110","Area","6621","Arable land","1992","1992","1000 ha","8750","I","Imputed value",""
"RL","Land Use","380","Italy","5110","Area","6621","Arable land","1993","1993","1000 ha","8550","I","Imputed value",""
"RL","Land Use","380","Italy","5110","Area","6621","Arable land","1994","1994","1000 ha","8329","A","Official figure",""
"RL","Land Use","380","Italy","5110","Area","6621","Arable land","1995","1995","1000 ha","8283","A","Official figure",""
"RL","Land Use","380","Italy","5110","Area","6621","Arable land","1996","1996","1000 ha","8332","A","Official figure",""
"RL","Land Use","380","Italy","5110","Area","6621","Arable land","1997","1997","1000 ha","8253","A","Official figure",""
"RL","Land Use","380","Italy","5110","Area","6621","Arable land","1998","1998","1000 ha","8329","A","Official figure",""
"RL","Land Use","380","Italy","5110","Area","6621","Arable land","1999","1999","1000 ha","8545","A","Official figure",""
"RL","Land Use","380","Italy","5110","Area","6621","Arable land","2000","2000","1000 ha","8479","I","Imputed value",""
"RL","Land Use","380","Italy","5110","Area","6621","Arable land","2001","2001","1000 ha","8339","I","Imputed value",""
"RL","Land Use","380","Italy","5110","Area","6621","Arable land","2002","2002","1000 ha","8287","I","Imputed value",""
"RL","Land Use","380","Italy","5110","Area","6621","Arable land","2003","2003","1000 ha","7959","A","Official figure",""
"RL","Land Use","380","Italy","5110","Area","6621","Arable land","2004","2004","1000 ha","7979","A","Official figure",""
"RL","Land Use","380","Italy","5110","Area","6621","Arable land","2005","2005","1000 ha","7780","A","Official figure",""
"RL","Land Use","380","Italy","5110","Area","6621","Arable land","2006","2006","1000 ha","7376","A","Official figure",""
"RL","Land Use","380","Italy","5110","Area","6621","Arable land","2007","2007","1000 ha","7171","A","Official figure",""
"RL","Land Use","380","Italy","5110","Area","6621","Arable land","2008","2008","1000 ha","7498","I","Imputed value",""
"RL","Land Use","380","Italy","5110","Area","6621","Arable land","2009","2009","1000 ha","6981","I","Imputed value",""
"RL","Land Use","380","Italy","5110","Area","6621","Arable land","2010","2010","1000 ha","7042","A","Official figure",""
"RL","Land Use","380","Italy","5110","Area","6621","Arable land","2011","2011","1000 ha","6720","I","Imputed value",""
"RL","Land Use","380","Italy","5110","Area","6621","Arable land","2012","2012","1000 ha","7118","I","Imputed value",""
"RL","Land Use","380","Italy","5110","Area","6621","Arable land","2013","2013","1000 ha","6827","A","Official figure",""
"RL","Land Use","380","Italy","5110","Area","6621","Arable land","2014","2014","1000 ha","6728","A","Official figure",""
"RL","Land Use","380","Italy","5110","Area","6621","Arable land","2015","2015","1000 ha","6601","A","Official figure",""
"RL","Land Use","380","Italy","5110","Area","6621","Arable land","2016","2016","1000 ha","6697","A","Official figure",""
"RL","Land Use","380","Italy","5110","Area","6621","Arable land","2017","2017","1000 ha","6736.27","A","Official figure",""
"RL","Land Use","380","Italy","5110","Area","6621","Arable land","2018","2018","1000 ha","6723","A","Official figure",""
"RL","Land Use","380","Italy","5110","Area","6621","Arable land","2019","2019","1000 ha","6914.183","A","Official figure",""
"RL","Land Use","380","Italy","5110","Area","6621","Arable land","2020","2020","1000 ha","7199.414","A","Official figure",""
"RL","Land Use","380","Italy","5110","Area","6621","Arable land","2021","2021","1000 ha","7192.812","A","Official figure",""
"RL","Land Use","380","Italy","5110","Area","6621","Arable land","2022","2022","1000 ha","7084.477","A","Official figure",""
"RL","Land Use","380","Italy","5110","Area","6621","Arable land","2023","2023","1000 ha","7084.477","I","Imputed value",""
"RL","Land Use","380","Italy","5110","Area","6630","Temporary crops","2001","2001","1000 ha","5629.7","I","Imputed value",""
"RL","Land Use","380","Italy","5110","Area","6630","Temporary crops","2002","2002","1000 ha","5664.3","I","Imputed value",""
"RL","Land Use","380","Italy","5110","Area","6630","Temporary crops","2003","2003","1000 ha","5414.8","A","Official figure",""
"RL","Land Use","380","Italy","5110","Area","6630","Temporary crops","2004","2004","1000 ha","5467.1","A","Official figure",""
"RL","Land Use","380","Italy","5110","Area","6630","Temporary crops","2005","2005","1000 ha","5240.5","A","Official figure",""
"RL","Land Use","380","Italy","5110","Area","6630","Temporary crops","2006","2006","1000 ha","4935.3","A","Official figure",""
"RL","Land Use","380","Italy","5110","Area","6630","Temporary crops","2007","2007","1000 ha","4704","I","Imputed value",""
"RL","Land Use","380","Italy","5110","Area","6630","Temporary crops","2008","2008","1000 ha","5012","A","Official figure",""
"RL","Land Use","380","Italy","5110","Area","6630","Temporary crops","2009","2009","1000 ha","4441","A","Official figure",""
"RL","Land Use","380","Italy","5110","Area","6630","Temporary crops","2010","2010","1000 ha","4576","A","Official figure",""
"RL","Land Use","380","Italy","5110","Area","6630","Temporary crops","2011","2011","1000 ha","4110","A","Official figure",""
"RL","Land Use","380","Italy","5110","Area","6630","Temporary crops","2012","2012","1000 ha","4417","A","Official figure",""
"RL","Land Use","380","Italy","5110","Area","6630","Temporary crops","2013","2013","1000 ha","4496","A","Official figure",""
"RL","Land Use","380","Italy","5110","Area","6630","Temporary crops","2014","2014","1000 ha","4355","A","Official figure",""
"RL","Land Use","380","Italy","5110","Area","6630","Temporary crops","2015","2015","1000 ha","4317","A","Official figure",""
"RL","Land Use","380","Italy","5110","Area","6630","Temporary crops","2016","2016","1000 ha","4305","A","Official figure",""
"RL","Land Use","380","Italy","5110","Area","6630","Temporary crops","2017","2017","1000 ha","4255.07","A","Official figure",""
"RL","Land Use","380","Italy","5110","Area","6630","Temporary crops","2018","2018","1000 ha","4247","A","Official figure",""
"RL","Land Use","380","Italy","5110","Area","6630","Temporary crops","2019","2019","1000 ha","4170","A","Official figure",""
"RL","Land Use","380","Italy","5110","Area","6630","Temporary crops","2020","2020","1000 ha","4324.881","A","Official figure",""
"RL","Land Use","380","Italy","5110","Area","6630","Temporary crops","2021","2021","1000 ha","4302.8328","A","Official figure",""
"RL","Land Use","380","Italy","5110","Area","6630","Temporary crops","2022","2022","1000 ha","4221.009","A","Official figure",""
"RL","Land Use","380","Italy","5110","Area","6630","Temporary crops","2023","2023","1000 ha","4215.047","I","Imputed value",""
"RL","Land Use","380","Italy","5110","Area","6633","Temporary meadows and pastures","2001","2001","1000 ha","2225.3","A","Official figure",""
"RL","Land Use","380","Italy","5110","Area","6633","Temporary meadows and pastures","2002","2002","1000 ha","2138.7","A","Official figure",""
"RL","Land Use","380","Italy","5110","Area","6633","Temporary meadows and pastures","2003","2003","1000 ha","2091.2","A","Official figure",""
"RL","Land Use","380","Italy","5110","Area","6633","Temporary meadows and pastures","2004","2004","1000 ha","2036.9","A","Official figure",""
"RL","Land Use","380","Italy","5110","Area","6633","Temporary meadows and pastures","2005","2005","1000 ha","2064.5","A","Official figure",""
"RL","Land Use","380","Italy","5110","Area","6633","Temporary meadows and pastures","2006","2006","1000 ha","1965.7","A","Official figure",""
"RL","Land Use","380","Italy","5110","Area","6633","Temporary meadows and pastures","2007","2007","1000 ha","1966","I","Imputed value",""
"RL","Land Use","380","Italy","5110","Area","6633","Temporary meadows and pastures","2008","2008","1000 ha","1969","A","Official figure",""
"RL","Land Use","380","Italy","5110","Area","6633","Temporary meadows and pastures","2009","2009","1000 ha","2008","A","Official figure",""
"RL","Land Use","380","Italy","5110","Area","6633","Temporary meadows and pastures","2010","2010","1000 ha","1918","A","Official figure",""
"RL","Land Use","380","Italy","5110","Area","6633","Temporary meadows and pastures","2011","2011","1000 ha","2029","A","Official figure",""
"RL","Land Use","380","Italy","5110","Area","6633","Temporary meadows and pastures","2012","2012","1000 ha","2062","A","Official figure",""
"RL","Land Use","380","Italy","5110","Area","6633","Temporary meadows and pastures","2013","2013","1000 ha","1956","A","Official figure",""
"RL","Land Use","380","Italy","5110","Area","6633","Temporary meadows and pastures","2014","2014","1000 ha","1996","A","Official figure",""
"RL","Land Use","380","Italy","5110","Area","6633","Temporary meadows and pastures","2015","2015","1000 ha","2013","A","Official figure",""
"RL","Land Use","380","Italy","5110","Area","6633","Temporary meadows and pastures","2016","2016","1000 ha","2115","A","Official figure",""
"RL","Land Use","380","Italy","5110","Area","6633","Temporary meadows and pastures","2017","2017","1000 ha","2215.4","A","Official figure",""
"RL","Land Use","380","Italy","5110","Area","6633","Temporary meadows and pastures","2018","2018","1000 ha","2211","A","Official figure",""
"RL","Land Use","380","Italy","5110","Area","6633","Temporary meadows and pastures","2019","2019","1000 ha","2473.113","A","Official figure",""
"RL","Land Use","380","Italy","5110","Area","6633","Temporary meadows and pastures","2020","2020","1000 ha","2410.749","A","Official figure",""
"RL","Land Use","380","Italy","5110","Area","6633","Temporary meadows and pastures","2021","2021","1000 ha","2434.4958","A","Official figure",""
"RL","Land Use","380","Italy","5110","Area","6633","Temporary meadows and pastures","2022","2022","1000 ha","2541.362","A","Official figure",""
"RL","Land Use","380","Italy","5110","Area","6633","Temporary meadows and pastures","2023","2023","1000 ha","2564.22","A","Official figure",""
"RL","Land Use","380","Italy","5110","Area","6640","Temporary fallow","2001","2001","1000 ha","484","I","Imputed value",""
"RL","Land Use","380","Italy","5110","Area","6640","Temporary fallow","2002","2002","1000 ha","484","A","Official figure",""
"RL","Land Use","380","Italy","5110","Area","6640","Temporary fallow","2003","2003","1000 ha","453","A","Official figure",""
"RL","Land Use","380","Italy","5110","Area","6640","Temporary fallow","2004","2004","1000 ha","475","A","Official figure",""
"RL","Land Use","380","Italy","5110","Area","6640","Temporary fallow","2005","2005","1000 ha","475","A","Official figure",""
"RL","Land Use","380","Italy","5110","Area","6640","Temporary fallow","2006","2006","1000 ha","475","A","Official figure",""
"RL","Land Use","380","Italy","5110","Area","6640","Temporary fallow","2007","2007","1000 ha","501","A","Official figure",""
"RL","Land Use","380","Italy","5110","Area","6640","Temporary fallow","2008","2008","1000 ha","517","I","Imputed value",""
"RL","Land Use","380","Italy","5110","Area","6640","Temporary fallow","2009","2009","1000 ha","532","I","Imputed value",""
"RL","Land Use","380","Italy","5110","Area","6640","Temporary fallow","2010","2010","1000 ha","548","A","Official figure",""
"RL","Land Use","380","Italy","5110","Area","6640","Temporary fallow","2011","2011","1000 ha","581","I","Imputed value",""
"RL","Land Use","380","Italy","5110","Area","6640","Temporary fallow","2012","2012","1000 ha","639","I","Imputed value",""
"RL","Land Use","380","Italy","5110","Area","6640","Temporary fallow","2013","2013","1000 ha","375","A","Official figure",""
"RL","Land Use","380","Italy","5110","Area","6640","Temporary fallow","2014","2014","1000 ha","377","A","Official figure",""
"RL","Land Use","380","Italy","5110","Area","6640","Temporary fallow","2015","2015","1000 ha","271","A","Official figure",""
"RL","Land Use","380","Italy","5110","Area","6640","Temporary fallow","2016","2016","1000 ha","277","A","Official figure",""
"RL","Land Use","380","Italy","5110","Area","6640","Temporary fallow","2017","2017","1000 ha","265.8","A","Official figure",""
"RL","Land Use","380","Italy","5110","Area","6640","Temporary fallow","2018","2018","1000 ha","265","A","Official figure",""
"RL","Land Use","380","Italy","5110","Area","6640","Temporary fallow","2019","2019","1000 ha","271.07","A","Official figure",""
"RL","Land Use","380","Italy","5110","Area","6640","Temporary fallow","2020","2020","1000 ha","463.784","A","Official figure",""
"RL","Land Use","380","Italy","5110","Area","6640","Temporary fallow","2021","2021","1000 ha","455.4834","A","Official figure",""
"RL","Land Use","380","Italy","5110","Area","6640","Temporary fallow","2022","2022","1000 ha","322.106","A","Official figure",""
"RL","Land Use","380","Italy","5110","Area","6640","Temporary fallow","2023","2023","1000 ha","305.21","A","Official figure",""
"RL","Land Use","380","Italy","5110","Area","6650","Permanent crops","1961","1961","1000 ha","2746","A","Official figure",""
"RL","Land Use","380","Italy","5110","Area","6650","Permanent crops","1962","1962","1000 ha","2775","A","Official figure",""
"RL","Land Use","380","Italy","5110","Area","6650","Permanent crops","1963","1963","1000 ha","2741","A","Official figure",""
"RL","Land Use","380","Italy","5110","Area","6650","Permanent crops","1964","1964","1000 ha","2776","A","Official figure",""
"RL","Land Use","380","Italy","5110","Area","6650","Permanent crops","1965","1965","1000 ha","2778","A","Official figure",""
"RL","Land Use","380","Italy","5110","Area","6650","Permanent crops","1966","1966","1000 ha","2814","A","Official figure",""
"RL","Land Use","380","Italy","5110","Area","6650","Permanent crops","1967","1967","1000 ha","2824","A","Official figure",""
"RL","Land Use","380","Italy","5110","Area","6650","Permanent crops","1968","1968","1000 ha","2849","A","Official figure",""
"RL","Land Use","380","Italy","5110","Area","6650","Permanent crops","1969","1969","1000 ha","2780","A","Official figure",""
"RL","Land Use","380","Italy","5110","Area","6650","Permanent crops","1970","1970","1000 ha","2946","A","Official figure",""
"RL","Land Use","380","Italy","5110","Area","6650","Permanent crops","1971","1971","1000 ha","2898","A","Official figure",""
"RL","Land Use","380","Italy","5110","Area","6650","Permanent crops","1972","1972","1000 ha","2912","A","Official figure",""
"RL","Land Use","380","Italy","5110","Area","6650","Permanent crops","1973","1973","1000 ha","2945","A","Official figure",""
"RL","Land Use","380","Italy","5110","Area","6650","Permanent crops","1974","1974","1000 ha","2969","A","Official figure",""
"RL","Land Use","380","Italy","5110","Area","6650","Permanent crops","1975","1975","1000 ha","2983","A","Official figure",""
"RL","Land Use","380","Italy","5110","Area","6650","Permanent crops","1976","1976","1000 ha","2989","A","Official figure",""
"RL","Land Use","380","Italy","5110","Area","6650","Permanent crops","1977","1977","1000 ha","2976","A","Official figure",""
"RL","Land Use","380","Italy","5110","Area","6650","Permanent crops","1978","1978","1000 ha","2971","A","Official figure",""
"RL","Land Use","380","Italy","5110","Area","6650","Permanent crops","1979","1979","1000 ha","2970","A","Official figure",""
"RL","Land Use","380","Italy","5110","Area","6650","Permanent crops","1980","1980","1000 ha","2953","A","Official figure",""
"RL","Land Use","380","Italy","5110","Area","6650","Permanent crops","1981","1981","1000 ha","2958","A","Official figure",""
"RL","Land Use","380","Italy","5110","Area","6650","Permanent crops","1982","1982","1000 ha","2957","A","Official figure",""
"RL","Land Use","380","Italy","5110","Area","6650","Permanent crops","1983","1983","1000 ha","3140","A","Official figure",""
"RL","Land Use","380","Italy","5110","Area","6650","Permanent crops","1984","1984","1000 ha","3135","A","Official figure",""
"RL","Land Use","380","Italy","5110","Area","6650","Permanent crops","1985","1985","1000 ha","3064","A","Official figure",""
"RL","Land Use","380","Italy","5110","Area","6650","Permanent crops","1986","1986","1000 ha","3012","A","Official figure",""
"RL","Land Use","380","Italy","5110","Area","6650","Permanent crops","1987","1987","1000 ha","3005","A","Official figure",""
"RL","Land Use","380","Italy","5110","Area","6650","Permanent crops","1988","1988","1000 ha","3023","A","Official figure",""
"RL","Land Use","380","Italy","5110","Area","6650","Permanent crops","1989","1989","1000 ha","2974","A","Official figure",""
"RL","Land Use","380","Italy","5110","Area","6650","Permanent crops","1990","1990","1000 ha","2960","A","Official figure",""
"RL","Land Use","380","Italy","5110","Area","6650","Permanent crops","1991","1991","1000 ha","2950","I","Imputed value",""
"RL","Land Use","380","Italy","5110","Area","6650","Permanent crops","1992","1992","1000 ha","2879","A","Official figure",""
"RL","Land Use","380","Italy","5110","Area","6650","Permanent crops","1993","1993","1000 ha","2830","A","Official figure",""
"RL","Land Use","380","Italy","5110","Area","6650","Permanent crops","1994","1994","1000 ha","2814","A","Official figure",""
"RL","Land Use","380","Italy","5110","Area","6650","Permanent crops","1995","1995","1000 ha","2645","A","Official figure",""
"RL","Land Use","380","Italy","5110","Area","6650","Permanent crops","1996","1996","1000 ha","2674","A","Official figure",""
"RL","Land Use","380","Italy","5110","Area","6650","Permanent crops","1997","1997","1000 ha","2721","A","Official figure",""
"RL","Land Use","380","Italy","5110","Area","6650","Permanent crops","1998","1998","1000 ha","2808","A","Official figure",""
"RL","Land Use","380","Italy","5110","Area","6650","Permanent crops","1999","1999","1000 ha","2877","A","Official figure",""
"RL","Land Use","380","Italy","5110","Area","6650","Permanent crops","2000","2000","1000 ha","2805","A","Official figure",""
"RL","Land Use","380","Italy","5110","Area","6650","Permanent crops","2001","2001","1000 ha","2798","I","Imputed value",""
"RL","Land Use","380","Italy","5110","Area","6650","Permanent crops","2002","2002","1000 ha","2607","A","Official figure",""
"RL","Land Use","380","Italy","5110","Area","6650","Permanent crops","2003","2003","1000 ha","2580","A","Official figure",""
"RL","Land Use","380","Italy","5110","Area","6650","Permanent crops","2004","2004","1000 ha","2550","A","Official figure",""
"RL","Land Use","380","Italy","5110","Area","6650","Permanent crops","2005","2005","1000 ha","2554","A","Official figure",""
"RL","Land Use","380","Italy","5110","Area","6650","Permanent crops","2006","2006","1000 ha","2545","A","Official figure",""
"RL","Land Use","380","Italy","5110","Area","6650","Permanent crops","2007","2007","1000 ha","2531","A","Official figure",""
"RL","Land Use","380","Italy","5110","Area","6650","Permanent crops","2008","2008","1000 ha","2543.2","A","Official figure",""
"RL","Land Use","380","Italy","5110","Area","6650","Permanent crops","2009","2009","1000 ha","2578.4","A","Official figure",""
"RL","Land Use","380","Italy","5110","Area","6650","Permanent crops","2010","2010","1000 ha","2587.8","A","Official figure",""
"RL","Land Use","380","Italy","5110","Area","6650","Permanent crops","2011","2011","1000 ha","2520.6","A","Official figure",""
"RL","Land Use","380","Italy","5110","Area","6650","Permanent crops","2012","2012","1000 ha","2442","A","Official figure",""
"RL","Land Use","380","Italy","5110","Area","6650","Permanent crops","2013","2013","1000 ha","2260","A","Official figure",""
"RL","Land Use","380","Italy","5110","Area","6650","Permanent crops","2014","2014","1000 ha","2393","A","Official figure",""
"RL","Land Use","380","Italy","5110","Area","6650","Permanent crops","2015","2015","1000 ha","2447","A","Official figure",""
"RL","Land Use","380","Italy","5110","Area","6650","Permanent crops","2016","2016","1000 ha","2452","A","Official figure",""
"RL","Land Use","380","Italy","5110","Area","6650","Permanent crops","2017","2017","1000 ha","2482","A","Official figure",""
"RL","Land Use","380","Italy","5110","Area","6650","Permanent crops","2018","2018","1000 ha","2437","A","Official figure",""
"RL","Land Use","380","Italy","5110","Area","6650","Permanent crops","2019","2019","1000 ha","2414.887","A","Official figure",""
"RL","Land Use","380","Italy","5110","Area","6650","Permanent crops","2020","2020","1000 ha","2185.156","A","Official figure",""
"RL","Land Use","380","Italy","5110","Area","6650","Permanent crops","2021","2021","1000 ha","2168.6225","A","Official figure",""
"RL","Land Use","380","Italy","5110","Area","6650","Permanent crops","2022","2022","1000 ha","2386.644","A","Official figure",""
"RL","Land Use","380","Italy","5110","Area","6650","Permanent crops","2023","2023","1000 ha","2399.59","A","Official figure",""
"RL","Land Use","380","Italy","5110","Area","6655","Permanent meadows and pastures","1961","1961","1000 ha","5075","A","Official figure",""
"RL","Land Use","380","Italy","5110","Area","6655","Permanent meadows and pastures","1962","1962","1000 ha","5082","A","Official figure",""
"RL","Land Use","380","Italy","5110","Area","6655","Permanent meadows and pastures","1963","1963","1000 ha","5095","A","Official figure",""
"RL","Land Use","380","Italy","5110","Area","6655","Permanent meadows and pastures","1964","1964","1000 ha","5088","A","Official figure",""
"RL","Land Use","380","Italy","5110","Area","6655","Permanent meadows and pastures","1965","1965","1000 ha","5138","A","Official figure",""
"RL","Land Use","380","Italy","5110","Area","6655","Permanent meadows and pastures","1966","1966","1000 ha","5147","A","Official figure",""
"RL","Land Use","380","Italy","5110","Area","6655","Permanent meadows and pastures","1967","1967","1000 ha","5166","A","Official figure",""
"RL","Land Use","380","Italy","5110","Area","6655","Permanent meadows and pastures","1968","1968","1000 ha","5160","A","Official figure",""
"RL","Land Use","380","Italy","5110","Area","6655","Permanent meadows and pastures","1969","1969","1000 ha","5226","A","Official figure",""
"RL","Land Use","380","Italy","5110","Area","6655","Permanent meadows and pastures","1970","1970","1000 ha","5250","A","Official figure",""
"RL","Land Use","380","Italy","5110","Area","6655","Permanent meadows and pastures","1971","1971","1000 ha","5240","A","Official figure",""
"RL","Land Use","380","Italy","5110","Area","6655","Permanent meadows and pastures","1972","1972","1000 ha","5203","A","Official figure",""
"RL","Land Use","380","Italy","5110","Area","6655","Permanent meadows and pastures","1973","1973","1000 ha","5249","A","Official figure",""
"RL","Land Use","380","Italy","5110","Area","6655","Permanent meadows and pastures","1974","1974","1000 ha","5214","A","Official figure",""
"RL","Land Use","380","Italy","5110","Area","6655","Permanent meadows and pastures","1975","1975","1000 ha","5204","A","Official figure",""
"RL","Land Use","380","Italy","5110","Area","6655","Permanent meadows and pastures","1976","1976","1000 ha","5176","A","Official figure",""
"RL","Land Use","380","Italy","5110","Area","6655","Permanent meadows and pastures","1977","1977","1000 ha","5166","A","Official figure",""
"RL","Land Use","380","Italy","5110","Area","6655","Permanent meadows and pastures","1978","1978","1000 ha","5167","A","Official figure",""
"RL","Land Use","380","Italy","5110","Area","6655","Permanent meadows and pastures","1979","1979","1000 ha","5162","A","Official figure",""
"RL","Land Use","380","Italy","5110","Area","6655","Permanent meadows and pastures","1980","1980","1000 ha","5126","A","Official figure",""
"RL","Land Use","380","Italy","5110","Area","6655","Permanent meadows and pastures","1981","1981","1000 ha","5127","A","Official figure",""
"RL","Land Use","380","Italy","5110","Area","6655","Permanent meadows and pastures","1982","1982","1000 ha","5121","A","Official figure",""
"RL","Land Use","380","Italy","5110","Area","6655","Permanent meadows and pastures","1983","1983","1000 ha","4992","A","Official figure",""
"RL","Land Use","380","Italy","5110","Area","6655","Permanent meadows and pastures","1984","1984","1000 ha","5012","A","Official figure",""
"RL","Land Use","380","Italy","5110","Area","6655","Permanent meadows and pastures","1985","1985","1000 ha","4981","A","Official figure",""
"RL","Land Use","380","Italy","5110","Area","6655","Permanent meadows and pastures","1986","1986","1000 ha","4944","A","Official figure",""
"RL","Land Use","380","Italy","5110","Area","6655","Permanent meadows and pastures","1987","1987","1000 ha","4942","A","Official figure",""
"RL","Land Use","380","Italy","5110","Area","6655","Permanent meadows and pastures","1988","1988","1000 ha","4858","A","Official figure",""
"RL","Land Use","380","Italy","5110","Area","6655","Permanent meadows and pastures","1989","1989","1000 ha","4883","A","Official figure",""
"RL","Land Use","380","Italy","5110","Area","6655","Permanent meadows and pastures","1990","1990","1000 ha","4868","A","Official figure",""
"RL","Land Use","380","Italy","5110","Area","6655","Permanent meadows and pastures","1991","1991","1000 ha","4204","A","Official figure",""
"RL","Land Use","380","Italy","5110","Area","6655","Permanent meadows and pastures","1992","1992","1000 ha","4349","A","Official figure",""
"RL","Land Use","380","Italy","5110","Area","6655","Permanent meadows and pastures","1993","1993","1000 ha","4530","A","Official figure",""
"RL","Land Use","380","Italy","5110","Area","6655","Permanent meadows and pastures","1994","1994","1000 ha","4559","A","Official figure",""
"RL","Land Use","380","Italy","5110","Area","6655","Permanent meadows and pastures","1995","1995","1000 ha","4405","A","Official figure",""
"RL","Land Use","380","Italy","5110","Area","6655","Permanent meadows and pastures","1996","1996","1000 ha","4343","A","Official figure",""
"RL","Land Use","380","Italy","5110","Area","6655","Permanent meadows and pastures","1997","1997","1000 ha","4371","A","Official figure",""
"RL","Land Use","380","Italy","5110","Area","6655","Permanent meadows and pastures","1998","1998","1000 ha","4347","A","Official figure",""
"RL","Land Use","380","Italy","5110","Area","6655","Permanent meadows and pastures","1999","1999","1000 ha","4377","A","Official figure",""
"RL","Land Use","380","Italy","5110","Area","6655","Permanent meadows and pastures","2000","2000","1000 ha","4353","A","Official figure",""
"RL","Land Use","380","Italy","5110","Area","6655","Permanent meadows and pastures","2001","2001","1000 ha","4365","A","Official figure",""
"RL","Land Use","380","Italy","5110","Area","6655","Permanent meadows and pastures","2002","2002","1000 ha","4379","A","Official figure",""
"RL","Land Use","380","Italy","5110","Area","6655","Permanent meadows and pastures","2003","2003","1000 ha","4368","A","Official figure",""
"RL","Land Use","380","Italy","5110","Area","6655","Permanent meadows and pastures","2004","2004","1000 ha","4354","A","Official figure",""
"RL","Land Use","380","Italy","5110","Area","6655","Permanent meadows and pastures","2005","2005","1000 ha","4402","A","Official figure",""
"RL","Land Use","380","Italy","5110","Area","6655","Permanent meadows and pastures","2006","2006","1000 ha","4282","A","Official figure",""
"RL","Land Use","380","Italy","5110","Area","6655","Permanent meadows and pastures","2007","2007","1000 ha","4460","A","Official figure",""
"RL","Land Use","380","Italy","5110","Area","6655","Permanent meadows and pastures","2008","2008","1000 ha","4416","A","Official figure",""
"RL","Land Use","380","Italy","5110","Area","6655","Permanent meadows and pastures","2009","2009","1000 ha","4423","A","Official figure",""
"RL","Land Use","380","Italy","5110","Area","6655","Permanent meadows and pastures","2010","2010","1000 ha","4698","A","Official figure",""
"RL","Land Use","380","Italy","5110","Area","6655","Permanent meadows and pastures","2011","2011","1000 ha","4612","A","Official figure",""
"RL","Land Use","380","Italy","5110","Area","6655","Permanent meadows and pastures","2012","2012","1000 ha","4169","A","Official figure",""
"RL","Land Use","380","Italy","5110","Area","6655","Permanent meadows and pastures","2013","2013","1000 ha","4543","A","Official figure",""
"RL","Land Use","380","Italy","5110","Area","6655","Permanent meadows and pastures","2014","2014","1000 ha","4041","A","Official figure",""
"RL","Land Use","380","Italy","5110","Area","6655","Permanent meadows and pastures","2015","2015","1000 ha","3897","A","Official figure",""
"RL","Land Use","380","Italy","5110","Area","6655","Permanent meadows and pastures","2016","2016","1000 ha","3663","A","Official figure",""
"RL","Land Use","380","Italy","5110","Area","6655","Permanent meadows and pastures","2017","2017","1000 ha","3608.3","A","Official figure",""
"RL","Land Use","380","Italy","5110","Area","6655","Permanent meadows and pastures","2018","2018","1000 ha","3245","A","Official figure",""
"RL","Land Use","380","Italy","5110","Area","6655","Permanent meadows and pastures","2019","2019","1000 ha","3791.892","A","Official figure",""
"RL","Land Use","380","Italy","5110","Area","6655","Permanent meadows and pastures","2020","2020","1000 ha","3133.8","A","Official figure",""
"RL","Land Use","380","Italy","5110","Area","6655","Permanent meadows and pastures","2021","2021","1000 ha","3041.5964","A","Official figure",""
"RL","Land Use","380","Italy","5110","Area","6655","Permanent meadows and pastures","2022","2022","1000 ha","3529.661","A","Official figure",""
"RL","Land Use","380","Italy","5110","Area","6655","Permanent meadows and pastures","2023","2023","1000 ha","3603.49","A","Official figure",""
"RL","Land Use","380","Italy","5110","Area","6656","Perm. meadows & pastures - Cultivated","2018","2018","1000 ha","1112","A","Official figure",""
"RL","Land Use","380","Italy","5110","Area","6656","Perm. meadows & pastures - Cultivated","2019","2019","1000 ha","1299","A","Official figure",""
"RL","Land Use","380","Italy","5110","Area","6656","Perm. meadows & pastures - Cultivated","2020","2020","1000 ha","1938.717","A","Official figure",""
"RL","Land Use","380","Italy","5110","Area","6656","Perm. meadows & pastures - Cultivated","2021","2021","1000 ha","1881.6755","A","Official figure",""
"RL","Land Use","380","Italy","5110","Area","6656","Perm. meadows & pastures - Cultivated","2022","2022","1000 ha","2184","A","Official figure",""
"RL","Land Use","380","Italy","5110","Area","6656","Perm. meadows & pastures - Cultivated","2023","2023","1000 ha","2229.6822","I","Imputed value",""
"RL","Land Use","380","Italy","5110","Area","6659","Perm. meadows & pastures - Nat. growing","2018","2018","1000 ha","2133","A","Official figure",""
"RL","Land Use","380","Italy","5110","Area","6659","Perm. meadows & pastures - Nat. growing","2019","2019","1000 ha","2493","A","Official figure",""
"RL","Land Use","380","Italy","5110","Area","6659","Perm. meadows & pastures - Nat. growing","2020","2020","1000 ha","1195.083","A","Official figure",""
"RL","Land Use","380","Italy","5110","Area","6659","Perm. meadows & pastures - Nat. growing","2021","2021","1000 ha","1159.9209","A","Official figure",""
"RL","Land Use","380","Italy","5110","Area","6659","Perm. meadows & pastures - Nat. growing","2022","2022","1000 ha","1345.661","A","Official figure",""
"RL","Land Use","380","Italy","5110","Area","6659","Perm. meadows & pastures - Nat. growing","2023","2023","1000 ha","1373.8078","I","Imputed value",""
"RL","Land Use","380","Italy","5110","Area","6649","Farm buildings and Farmyards","2020","2020","1000 ha","1002.23","A","Official figure",""
"RL","Land Use","380","Italy","5110","Area","6671","Agriculture area under organic agric.","2004","2004","1000 ha","954","A","Official figure",""
"RL","Land Use","380","Italy","5110","Area","6671","Agriculture area under organic agric.","2005","2005","1000 ha","1067","A","Official figure",""
"RL","Land Use","380","Italy","5110","Area","6671","Agriculture area under organic agric.","2006","2006","1000 ha","1148","A","Official figure",""
"RL","Land Use","380","Italy","5110","Area","6671","Agriculture area under organic agric.","2007","2007","1000 ha","1150","A","Official figure",""
"RL","Land Use","380","Italy","5110","Area","6671","Agriculture area under organic agric.","2008","2008","1000 ha","1002","A","Official figure",""
"RL","Land Use","380","Italy","5110","Area","6671","Agriculture area under organic agric.","2009","2009","1000 ha","1106","A","Official figure",""
"RL","Land Use","380","Italy","5110","Area","6671","Agriculture area under organic agric.","2010","2010","1000 ha","1114","A","Official figure",""
"RL","Land Use","380","Italy","5110","Area","6671","Agriculture area under organic agric.","2011","2011","1000 ha","1097","A","Official figure",""
"RL","Land Use","380","Italy","5110","Area","6671","Agriculture area under organic agric.","2012","2012","1000 ha","1167.4","A","Official figure",""
"RL","Land Use","380","Italy","5110","Area","6671","Agriculture area under organic agric.","2013","2013","1000 ha","1317","A","Official figure",""
"RL","Land Use","380","Italy","5110","Area","6671","Agriculture area under organic agric.","2014","2014","1000 ha","1388","A","Official figure",""
"RL","Land Use","380","Italy","5110","Area","6671","Agriculture area under organic agric.","2015","2015","1000 ha","1493","A","Official figure",""
"RL","Land Use","380","Italy","5110","Area","6671","Agriculture area under organic agric.","2016","2016","1000 ha","1796","A","Official figure",""
"RL","Land Use","380","Italy","5110","Area","6671","Agriculture area under organic agric.","2017","2017","1000 ha","1909","A","Official figure",""
"RL","Land Use","380","Italy","5110","Area","6671","Agriculture area under organic agric.","2018","2018","1000 ha","1958","A","Official figure",""
"RL","Land Use","380","Italy","5110","Area","6671","Agriculture area under organic agric.","2019","2019","1000 ha","1993","A","Official figure",""
"RL","Land Use","380","Italy","5110","Area","6671","Agriculture area under organic agric.","2020","2020","1000 ha","2095","A","Official figure",""
"RL","Land Use","380","Italy","5110","Area","6671","Agriculture area under organic agric.","2021","2021","1000 ha","2187","A","Official figure",""
"RL","Land Use","380","Italy","5110","Area","6671","Agriculture area under organic agric.","2022","2022","1000 ha","2350","A","Official figure",""
"RL","Land Use","380","Italy","5110","Area","6671","Agriculture area under organic agric.","2023","2023","1000 ha","2455.587","I","Imputed value",""
"RL","Land Use","380","Italy","5110","Area","6672","Agriculture area certified organic","2004","2004","1000 ha","708","A","Official figure",""
"RL","Land Use","380","Italy","5110","Area","6672","Agriculture area certified organic","2005","2005","1000 ha","729","A","Official figure",""
"RL","Land Use","380","Italy","5110","Area","6672","Agriculture area certified organic","2006","2006","1000 ha","801","A","Official figure",""
"RL","Land Use","380","Italy","5110","Area","6672","Agriculture area certified organic","2007","2007","1000 ha","903","A","Official figure",""
"RL","Land Use","380","Italy","5110","Area","6672","Agriculture area certified organic","2008","2008","1000 ha","812","A","Official figure",""
"RL","Land Use","380","Italy","5110","Area","6672","Agriculture area certified organic","2009","2009","1000 ha","735","A","Official figure",""
"RL","Land Use","380","Italy","5110","Area","6672","Agriculture area certified organic","2010","2010","1000 ha","736","A","Official figure",""
"RL","Land Use","380","Italy","5110","Area","6672","Agriculture area certified organic","2011","2011","1000 ha","837","A","Official figure",""
"RL","Land Use","380","Italy","5110","Area","6672","Agriculture area certified organic","2012","2012","1000 ha","923.8","A","Official figure",""
"RL","Land Use","380","Italy","5110","Area","6672","Agriculture area certified organic","2013","2013","1000 ha","978","A","Official figure",""
"RL","Land Use","380","Italy","5110","Area","6672","Agriculture area certified organic","2014","2014","1000 ha","987","A","Official figure",""
"RL","Land Use","380","Italy","5110","Area","6672","Agriculture area certified organic","2015","2015","1000 ha","1094","A","Official figure",""
"RL","Land Use","380","Italy","5110","Area","6672","Agriculture area certified organic","2016","2016","1000 ha","1201","A","Official figure",""
"RL","Land Use","380","Italy","5110","Area","6672","Agriculture area certified organic","2017","2017","1000 ha","1277","A","Official figure",""
"RL","Land Use","380","Italy","5110","Area","6672","Agriculture area certified organic","2018","2018","1000 ha","1310","A","Official figure",""
"RL","Land Use","380","Italy","5110","Area","6672","Agriculture area certified organic","2019","2019","1000 ha","1610","A","Official figure",""
"RL","Land Use","380","Italy","5110","Area","6672","Agriculture area certified organic","2020","2020","1000 ha","1748","A","Official figure",""
"RL","Land Use","380","Italy","5110","Area","6672","Agriculture area certified organic","2021","2021","1000 ha","1785","A","Official figure",""
"RL","Land Use","380","Italy","5110","Area","6672","Agriculture area certified organic","2022","2022","1000 ha","1843","A","Official figure",""
"RL","Land Use","380","Italy","5110","Area","6672","Agriculture area certified organic","2023","2023","1000 ha","1927.225","I","Imputed value",""
"RL","Land Use","380","Italy","5110","Area","6668","Cropland area under organic agric.","2008","2008","1000 ha","733","I","Imputed value",""
"RL","Land Use","380","Italy","5110","Area","6668","Cropland area under organic agric.","2009","2009","1000 ha","797","I","Imputed value",""
"RL","Land Use","380","Italy","5110","Area","6668","Cropland area under organic agric.","2010","2010","1000 ha","781","I","Imputed value",""
"RL","Land Use","380","Italy","5110","Area","6668","Cropland area under organic agric.","2011","2011","1000 ha","783","I","Imputed value",""
"RL","Land Use","380","Italy","5110","Area","6668","Cropland area under organic agric.","2012","2012","1000 ha","834","I","Imputed value",""
"RL","Land Use","380","Italy","5110","Area","6668","Cropland area under organic agric.","2013","2013","1000 ha","881","A","Official figure",""
"RL","Land Use","380","Italy","5110","Area","6668","Cropland area under organic agric.","2014","2014","1000 ha","911","A","Official figure",""
"RL","Land Use","380","Italy","5110","Area","6668","Cropland area under organic agric.","2015","2015","1000 ha","1066","A","Official figure",""
"RL","Land Use","380","Italy","5110","Area","6668","Cropland area under organic agric.","2016","2016","1000 ha","1290","A","Official figure",""
"RL","Land Use","380","Italy","5110","Area","6668","Cropland area under organic agric.","2017","2017","1000 ha","1365","A","Official figure",""
"RL","Land Use","380","Italy","5110","Area","6668","Cropland area under organic agric.","2018","2018","1000 ha","1418","A","Official figure",""
"RL","Land Use","380","Italy","5110","Area","6668","Cropland area under organic agric.","2019","2019","1000 ha","1442","A","Official figure",""
"RL","Land Use","380","Italy","5110","Area","6668","Cropland area under organic agric.","2020","2020","1000 ha","1511","A","Official figure",""
"RL","Land Use","380","Italy","5110","Area","6668","Cropland area under organic agric.","2021","2021","1000 ha","1607","A","Official figure",""
"RL","Land Use","380","Italy","5110","Area","6668","Cropland area under organic agric.","2022","2022","1000 ha","1688","A","Official figure",""
"RL","Land Use","380","Italy","5110","Area","6668","Cropland area under organic agric.","2023","2023","1000 ha","1726.321","I","Imputed value",""
"RL","Land Use","380","Italy","5110","Area","6669","Cropland area certified organic","2014","2014","1000 ha","673","A","Official figure",""
"RL","Land Use","380","Italy","5110","Area","6669","Cropland area certified organic","2015","2015","1000 ha","791","A","Official figure",""
"RL","Land Use","380","Italy","5110","Area","6669","Cropland area certified organic","2016","2016","1000 ha","866","A","Official figure",""
"RL","Land Use","380","Italy","5110","Area","6669","Cropland area certified organic","2017","2017","1000 ha","916","A","Official figure",""
"RL","Land Use","380","Italy","5110","Area","6669","Cropland area certified organic","2018","2018","1000 ha","952","A","Official figure",""
"RL","Land Use","380","Italy","5110","Area","6669","Cropland area certified organic","2019","2019","1000 ha","1164","A","Official figure",""
"RL","Land Use","380","Italy","5110","Area","6669","Cropland area certified organic","2020","2020","1000 ha","1263","A","Official figure",""
"RL","Land Use","380","Italy","5110","Area","6669","Cropland area certified organic","2021","2021","1000 ha","1321","A","Official figure",""
"RL","Land Use","380","Italy","5110","Area","6669","Cropland area certified organic","2022","2022","1000 ha","1350","A","Official figure",""
"RL","Land Use","380","Italy","5110","Area","6669","Cropland area certified organic","2023","2023","1000 ha","1396.562","I","Imputed value",""
"RL","Land Use","380","Italy","5110","Area","6681","Perm. meadows & pastures area under organic agric.","2008","2008","1000 ha","269","A","Official figure",""
"RL","Land Use","380","Italy","5110","Area","6681","Perm. meadows & pastures area under organic agric.","2009","2009","1000 ha","310","A","Official figure",""
"RL","Land Use","380","Italy","5110","Area","6681","Perm. meadows & pastures area under organic agric.","2010","2010","1000 ha","332","A","Official figure",""
"RL","Land Use","380","Italy","5110","Area","6681","Perm. meadows & pastures area under organic agric.","2011","2011","1000 ha","314","A","Official figure",""
"RL","Land Use","380","Italy","5110","Area","6681","Perm. meadows & pastures area under organic agric.","2012","2012","1000 ha","333","A","Official figure",""
"RL","Land Use","380","Italy","5110","Area","6681","Perm. meadows & pastures area under organic agric.","2013","2013","1000 ha","436","A","Official figure",""
"RL","Land Use","380","Italy","5110","Area","6681","Perm. meadows & pastures area under organic agric.","2014","2014","1000 ha","477","A","Official figure",""
"RL","Land Use","380","Italy","5110","Area","6681","Perm. meadows & pastures area under organic agric.","2015","2015","1000 ha","426","A","Official figure",""
"RL","Land Use","380","Italy","5110","Area","6681","Perm. meadows & pastures area under organic agric.","2016","2016","1000 ha","506","A","Official figure",""
"RL","Land Use","380","Italy","5110","Area","6681","Perm. meadows & pastures area under organic agric.","2017","2017","1000 ha","544","A","Official figure",""
"RL","Land Use","380","Italy","5110","Area","6681","Perm. meadows & pastures area under organic agric.","2018","2018","1000 ha","540","A","Official figure",""
"RL","Land Use","380","Italy","5110","Area","6681","Perm. meadows & pastures area under organic agric.","2019","2019","1000 ha","551","A","Official figure",""
"RL","Land Use","380","Italy","5110","Area","6681","Perm. meadows & pastures area under organic agric.","2020","2020","1000 ha","584","A","Official figure",""
"RL","Land Use","380","Italy","5110","Area","6681","Perm. meadows & pastures area under organic agric.","2021","2021","1000 ha","579","A","Official figure",""
"RL","Land Use","380","Italy","5110","Area","6681","Perm. meadows & pastures area under organic agric.","2022","2022","1000 ha","662","A","Official figure",""
"RL","Land Use","380","Italy","5110","Area","6681","Perm. meadows & pastures area under organic agric.","2023","2023","1000 ha","729.266","I","Imputed value",""
"RL","Land Use","380","Italy","5110","Area","6682","Perm. meadows & pastures area certified organic","2014","2014","1000 ha","315","A","Official figure",""
"RL","Land Use","380","Italy","5110","Area","6682","Perm. meadows & pastures area certified organic","2015","2015","1000 ha","302","A","Official figure",""
"RL","Land Use","380","Italy","5110","Area","6682","Perm. meadows & pastures area certified organic","2016","2016","1000 ha","335","A","Official figure",""
"RL","Land Use","380","Italy","5110","Area","6682","Perm. meadows & pastures area certified organic","2017","2017","1000 ha","360","A","Official figure",""
"RL","Land Use","380","Italy","5110","Area","6682","Perm. meadows & pastures area certified organic","2018","2018","1000 ha","357","A","Official figure",""
"RL","Land Use","380","Italy","5110","Area","6682","Perm. meadows & pastures area certified organic","2019","2019","1000 ha","446","A","Official figure",""
"RL","Land Use","380","Italy","5110","Area","6682","Perm. meadows & pastures area certified organic","2020","2020","1000 ha","485","A","Official figure",""
"RL","Land Use","380","Italy","5110","Area","6682","Perm. meadows & pastures area certified organic","2021","2021","1000 ha","464","A","Official figure",""
"RL","Land Use","380","Italy","5110","Area","6682","Perm. meadows & pastures area certified organic","2022","2022","1000 ha","493","A","Official figure",""
"RL","Land Use","380","Italy","5110","Area","6682","Perm. meadows & pastures area certified organic","2023","2023","1000 ha","530.663","I","Imputed value",""
"RL","Land Use","380","Italy","5110","Area","6664","Cropland area under conventional tillage","2016","2016","1000 ha","5742.75","A","Official figure",""
"RL","Land Use","380","Italy","5110","Area","6665","Cropland area under conservation tillage","2016","2016","1000 ha","263.41","A","Official figure",""
"RL","Land Use","380","Italy","5110","Area","6666","Cropland area under zero or no tillage","2016","2016","1000 ha","231.42","A","Official figure",""
