STRUCTURE,STRUCTURE_ID,STRUCTURE_NAME,ACTION,REF_AREA,,FREQ,,MEASURE,,AGE,,SEX,,UNIT_MEASURE,,METHODOLOGY,,TIME_PERIOD,,OBS_VALUE,,OBS_STATUS,,UNIT_MULT,,DECIMALS,
DATAFLOW,OECD.ELS.HD:DSD_HEALTH_LVNG@DF_HEALTH_LVNG(1.0),,I,ITA,,A,,FTS,,_T,,_T,,G_PS_D,,_Z,,1997,,149.8,,A,,0,,,
DATAFLOW,OECD.ELS.HD:DSD_HEALTH_LVNG@DF_HEALTH_LVNG(1.0),,I,ITA,,A,,FTS,,_T,,_T,,G_PS_D,,_Z,,1998,,156.9,,A,,0,,,
DATAFLOW,OECD.ELS.HD:DSD_HEALTH_LVNG@DF_HEALTH_LVNG(1.0),,I,ITA,,A,,FTS,,_T,,_T,,G_PS_D,,_Z,,1999,,159.2,,A,,0,,,
DATAFLOW,OECD.ELS.HD:DSD_HEALTH_LVNG@DF_HEALTH_LVNG(1.0),,I,ITA,,A,,FTS,,_T,,_T,,G_PS_D,,_Z,,1967,,97.9,,A,,0,,,
DATAFLOW,OECD.ELS.HD:DSD_HEALTH_LVNG@DF_HEALTH_LVNG(1.0),,I,ITA,,A,,FTS,,_T,,_T,,G_PS_D,,_Z,,1968,,100,,A,,0,,,
DATAFLOW,OECD.ELS.HD:DSD_HEALTH_LVNG@DF_HEALTH_LVNG(1.0),,I,ITA,,A,,FTS,,_T,,_T,,G_PS_D,,_Z,,1969,,102.9,,A,,0,,,
DATAFLOW,OECD.ELS.HD:DSD_HEALTH_LVNG@DF_HEALTH_LVNG(1.0),,I,ITA,,A,,FTS,,_T,,_T,,G_PS_D,,_Z,,1992,,144.8,,A,,0,,,
DATAFLOW,OECD.ELS.HD:DSD_HEALTH_LVNG@DF_HEALTH_LVNG(1.0),,I,ITA,,A,,FTS,,_T,,_T,,G_PS_D,,_Z,,1993,,144.4,,A,,0,,,
DATAFLOW,OECD.ELS.HD:DSD_HEALTH_LVNG@DF_HEALTH_LVNG(1.0),,I,ITA,,A,,FTS,,_T,,_T,,G_PS_D,,_Z,,1976,,115.4,,A,,0,,,
DATAFLOW,OECD.ELS.HD:DSD_HEALTH_LVNG@DF_HEALTH_LVNG(1.0),,I,ITA,,A,,FTS,,_T,,_T,,G_PS_D,,_Z,,1981,,129,,A,,0,,,
DATAFLOW,OECD.ELS.HD:DSD_HEALTH_LVNG@DF_HEALTH_LVNG(1.0),,I,ITA,,A,,FTS,,_T,,_T,,G_PS_D,,_Z,,1982,,128.8,,A,,0,,,
DATAFLOW,OECD.ELS.HD:DSD_HEALTH_LVNG@DF_HEALTH_LVNG(1.0),,I,ITA,,A,,FTS,,_T,,_T,,G_PS_D,,_Z,,1983,,130.4,,A,,0,,,
DATAFLOW,OECD.ELS.HD:DSD_HEALTH_LVNG@DF_HEALTH_LVNG(1.0),,I,ITA,,A,,FTS,,_T,,_T,,G_PS_D,,_Z,,1984,,131.3,,A,,0,,,
DATAFLOW,OECD.ELS.HD:DSD_HEALTH_LVNG@DF_HEALTH_LVNG(1.0),,I,ITA,,A,,FTS,,_T,,_T,,G_PS_D,,_Z,,1985,,137.5,,A,,0,,,
DATAFLOW,OECD.ELS.HD:DSD_HEALTH_LVNG@DF_HEALTH_LVNG(1.0),,I,ITA,,A,,FTS,,_T,,_T,,G_PS_D,,_Z,,1986,,142.7,,A,,0,,,
DATAFLOW,OECD.ELS.HD:DSD_HEALTH_LVNG@DF_HEALTH_LVNG(1.0),,I,ITA,,A,,FTS,,_T,,_T,,G_PS_D,,_Z,,1987,,147.2,,A,,0,,,
DATAFLOW,OECD.ELS.HD:DSD_HEALTH_LVNG@DF_HEALTH_LVNG(1.0),,I,ITA,,A,,FTS,,_T,,_T,,G_PS_D,,_Z,,1988,,147.6,,A,,0,,,
DATAFLOW,OECD.ELS.HD:DSD_HEALTH_LVNG@DF_HEALTH_LVNG(1.0),,I,ITA,,A,,FTS,,_T,,_T,,G_PS_D,,_Z,,1989,,148.2,,A,,0,,,
DATAFLOW,OECD.ELS.HD:DSD_HEALTH_LVNG@DF_HEALTH_LVNG(1.0),,I,ITA,,A,,FTS,,_T,,_T,,G_PS_D,,_Z,,1990,,150.8,,A,,0,,,
DATAFLOW,OECD.ELS.HD:DSD_HEALTH_LVNG@DF_HEALTH_LVNG(1.0),,I,ITA,,A,,FTS,,_T,,_T,,G_PS_D,,_Z,,1991,,152.4,,A,,0,,,
DATAFLOW,OECD.ELS.HD:DSD_HEALTH_LVNG@DF_HEALTH_LVNG(1.0),,I,ITA,,A,,FTS,,_T,,_T,,G_PS_D,,_Z,,1995,,146.8,,A,,0,,,
DATAFLOW,OECD.ELS.HD:DSD_HEALTH_LVNG@DF_HEALTH_LVNG(1.0),,I,ITA,,A,,FTS,,_T,,_T,,G_PS_D,,_Z,,1964,,87.2,,A,,0,,,
DATAFLOW,OECD.ELS.HD:DSD_HEALTH_LVNG@DF_HEALTH_LVNG(1.0),,I,ITA,,A,,FTS,,_T,,_T,,G_PS_D,,_Z,,1965,,90.9,,A,,0,,,
DATAFLOW,OECD.ELS.HD:DSD_HEALTH_LVNG@DF_HEALTH_LVNG(1.0),,I,ITA,,A,,FTS,,_T,,_T,,G_PS_D,,_Z,,1966,,91.9,,A,,0,,,
DATAFLOW,OECD.ELS.HD:DSD_HEALTH_LVNG@DF_HEALTH_LVNG(1.0),,I,ITA,,A,,FTS,,_T,,_T,,G_PS_D,,_Z,,2000,,153.7,,A,,0,,,
DATAFLOW,OECD.ELS.HD:DSD_HEALTH_LVNG@DF_HEALTH_LVNG(1.0),,I,ITA,,A,,FTS,,_T,,_T,,G_PS_D,,_Z,,2001,,155.2,,A,,0,,,
DATAFLOW,OECD.ELS.HD:DSD_HEALTH_LVNG@DF_HEALTH_LVNG(1.0),,I,ITA,,A,,FTS,,_T,,_T,,G_PS_D,,_Z,,2002,,155.4,,A,,0,,,
DATAFLOW,OECD.ELS.HD:DSD_HEALTH_LVNG@DF_HEALTH_LVNG(1.0),,I,ITA,,A,,FTS,,_T,,_T,,G_PS_D,,_Z,,2003,,152.5,,A,,0,,,
DATAFLOW,OECD.ELS.HD:DSD_HEALTH_LVNG@DF_HEALTH_LVNG(1.0),,I,ITA,,A,,FTS,,_T,,_T,,G_PS_D,,_Z,,2004,,150.1,,A,,0,,,
DATAFLOW,OECD.ELS.HD:DSD_HEALTH_LVNG@DF_HEALTH_LVNG(1.0),,I,ITA,,A,,FTS,,_T,,_T,,G_PS_D,,_Z,,2005,,147.9,,A,,0,,,
DATAFLOW,OECD.ELS.HD:DSD_HEALTH_LVNG@DF_HEALTH_LVNG(1.0),,I,ITA,,A,,FTS,,_T,,_T,,G_PS_D,,_Z,,2006,,156.5,,A,,0,,,
DATAFLOW,OECD.ELS.HD:DSD_HEALTH_LVNG@DF_HEALTH_LVNG(1.0),,I,ITA,,A,,FTS,,_T,,_T,,G_PS_D,,_Z,,2007,,156.4,,A,,0,,,
DATAFLOW,OECD.ELS.HD:DSD_HEALTH_LVNG@DF_HEALTH_LVNG(1.0),,I,ITA,,A,,FTS,,_T,,_T,,G_PS_D,,_Z,,2008,,155.9,,A,,0,,,
DATAFLOW,OECD.ELS.HD:DSD_HEALTH_LVNG@DF_HEALTH_LVNG(1.0),,I,ITA,,A,,FTS,,_T,,_T,,G_PS_D,,_Z,,2009,,152.7,,A,,0,,,
DATAFLOW,OECD.ELS.HD:DSD_HEALTH_LVNG@DF_HEALTH_LVNG(1.0),,I,ITA,,A,,FTS,,_T,,_T,,G_PS_D,,_Z,,2010,,162.7,,A,,0,,,
DATAFLOW,OECD.ELS.HD:DSD_HEALTH_LVNG@DF_HEALTH_LVNG(1.0),,I,ITA,,A,,FTS,,_T,,_T,,G_PS_D,,_Z,,2011,,163.8,,A,,0,,,
DATAFLOW,OECD.ELS.HD:DSD_HEALTH_LVNG@DF_HEALTH_LVNG(1.0),,I,ITA,,A,,FTS,,_T,,_T,,G_PS_D,,_Z,,2012,,163.8,,A,,0,,,
DATAFLOW,OECD.ELS.HD:DSD_HEALTH_LVNG@DF_HEALTH_LVNG(1.0),,I,ITA,,A,,FTS,,_T,,_T,,G_PS_D,,_Z,,2013,,160.3,,A,,0,,,
DATAFLOW,OECD.ELS.HD:DSD_HEALTH_LVNG@DF_HEALTH_LVNG(1.0),,I,ITA,,A,,FTS,,_T,,_T,,G_PS_D,,_Z,,2014,,153.2,,A,,0,,,
DATAFLOW,OECD.ELS.HD:DSD_HEALTH_LVNG@DF_HEALTH_LVNG(1.0),,I,ITA,,A,,FTS,,_T,,_T,,G_PS_D,,_Z,,2015,,150.7,,A,,0,,,
DATAFLOW,OECD.ELS.HD:DSD_HEALTH_LVNG@DF_HEALTH_LVNG(1.0),,I,ITA,,A,,FTS,,_T,,_T,,G_PS_D,,_Z,,2016,,151.8,,A,,0,,,
DATAFLOW,OECD.ELS.HD:DSD_HEALTH_LVNG@DF_HEALTH_LVNG(1.0),,I,ITA,,A,,FTS,,_T,,_T,,G_PS_D,,_Z,,2017,,152.2,,A,,0,,,
DATAFLOW,OECD.ELS.HD:DSD_HEALTH_LVNG@DF_HEALTH_LVNG(1.0),,I,ITA,,A,,FTS,,_T,,_T,,G_PS_D,,_Z,,2018,,151.6,,A,,0,,,
DATAFLOW,OECD.ELS.HD:DSD_HEALTH_LVNG@DF_HEALTH_LVNG(1.0),,I,ITA,,A,,FTS,,_T,,_T,,G_PS_D,,_Z,,2019,,157.3,,A,,0,,,
DATAFLOW,OECD.ELS.HD:DSD_HEALTH_LVNG@DF_HEALTH_LVNG(1.0),,I,ITA,,A,,FTS,,_T,,_T,,G_PS_D,,_Z,,2020,,162,,A,,0,,,
DATAFLOW,OECD.ELS.HD:DSD_HEALTH_LVNG@DF_HEALTH_LVNG(1.0),,I,ITA,,A,,FTS,,_T,,_T,,G_PS_D,,_Z,,2021,,161.1,,A,,0,,,
DATAFLOW,OECD.ELS.HD:DSD_HEALTH_LVNG@DF_HEALTH_LVNG(1.0),,I,ITA,,A,,FTS,,_T,,_T,,G_PS_D,,_Z,,2022,,160.3,,A,,0,,,
DATAFLOW,OECD.ELS.HD:DSD_HEALTH_LVNG@DF_HEALTH_LVNG(1.0),,I,ITA,,A,,FTS,,_T,,_T,,G_PS_D,,_Z,,1970,,112.4,,A,,0,,,
DATAFLOW,OECD.ELS.HD:DSD_HEALTH_LVNG@DF_HEALTH_LVNG(1.0),,I,ITA,,A,,FTS,,_T,,_T,,G_PS_D,,_Z,,1971,,113.5,,A,,0,,,
DATAFLOW,OECD.ELS.HD:DSD_HEALTH_LVNG@DF_HEALTH_LVNG(1.0),,I,ITA,,A,,FTS,,_T,,_T,,G_PS_D,,_Z,,1972,,117.1,,A,,0,,,
DATAFLOW,OECD.ELS.HD:DSD_HEALTH_LVNG@DF_HEALTH_LVNG(1.0),,I,ITA,,A,,FTS,,_T,,_T,,G_PS_D,,_Z,,1973,,116.9,,A,,0,,,
DATAFLOW,OECD.ELS.HD:DSD_HEALTH_LVNG@DF_HEALTH_LVNG(1.0),,I,ITA,,A,,FTS,,_T,,_T,,G_PS_D,,_Z,,1961,,77.2,,A,,0,,,
DATAFLOW,OECD.ELS.HD:DSD_HEALTH_LVNG@DF_HEALTH_LVNG(1.0),,I,ITA,,A,,FTS,,_T,,_T,,G_PS_D,,_Z,,1978,,125.1,,A,,0,,,
DATAFLOW,OECD.ELS.HD:DSD_HEALTH_LVNG@DF_HEALTH_LVNG(1.0),,I,ITA,,A,,FTS,,_T,,_T,,G_PS_D,,_Z,,1979,,128.9,,A,,0,,,
DATAFLOW,OECD.ELS.HD:DSD_HEALTH_LVNG@DF_HEALTH_LVNG(1.0),,I,ITA,,A,,FTS,,_T,,_T,,G_PS_D,,_Z,,1980,,129.3,,A,,0,,,
DATAFLOW,OECD.ELS.HD:DSD_HEALTH_LVNG@DF_HEALTH_LVNG(1.0),,I,ITA,,A,,FTS,,_T,,_T,,G_PS_D,,_Z,,1977,,110.8,,A,,0,,,
DATAFLOW,OECD.ELS.HD:DSD_HEALTH_LVNG@DF_HEALTH_LVNG(1.0),,I,ITA,,A,,FTS,,_T,,_T,,G_PS_D,,_Z,,1962,,85.6,,A,,0,,,
DATAFLOW,OECD.ELS.HD:DSD_HEALTH_LVNG@DF_HEALTH_LVNG(1.0),,I,ITA,,A,,FTS,,_T,,_T,,G_PS_D,,_Z,,1963,,89.7,,A,,0,,,
DATAFLOW,OECD.ELS.HD:DSD_HEALTH_LVNG@DF_HEALTH_LVNG(1.0),,I,ITA,,A,,FTS,,_T,,_T,,G_PS_D,,_Z,,1994,,147.1,,A,,0,,,
DATAFLOW,OECD.ELS.HD:DSD_HEALTH_LVNG@DF_HEALTH_LVNG(1.0),,I,ITA,,A,,FTS,,_T,,_T,,G_PS_D,,_Z,,1974,,117.2,,A,,0,,,
DATAFLOW,OECD.ELS.HD:DSD_HEALTH_LVNG@DF_HEALTH_LVNG(1.0),,I,ITA,,A,,FTS,,_T,,_T,,G_PS_D,,_Z,,1975,,115.3,,A,,0,,,
DATAFLOW,OECD.ELS.HD:DSD_HEALTH_LVNG@DF_HEALTH_LVNG(1.0),,I,ITA,,A,,FTS,,_T,,_T,,G_PS_D,,_Z,,1996,,148.7,,A,,0,,,
