STRUCTURE,STRUCTURE_ID,STRUCTURE_NAME,ACTION,REF_AREA,,FREQ,,MEASURE,,AGE,,SEX,,UNIT_MEASURE,,METHODOLOGY,,TIME_PERIOD,,OBS_VALUE,,OBS_STATUS,,UNIT_MULT,,DECIMALS,
DATAFLOW,OECD.ELS.HD:DSD_HEALTH_LVNG@DF_HEALTH_LVNG(1.0),,I,ITA,,A,,SP_OVRGHT,,_T,,F,,PT_POP,,SR,,2016,,27.2,,A,,0,,,
DATAFLOW,OECD.ELS.HD:DSD_HEALTH_LVNG@DF_HEALTH_LVNG(1.0),,I,ITA,,A,,SP_OBS,,_T,,_T,,PT_POP,,SR,,2006,,10.2,,A,,0,,,
DATAFLOW,OECD.ELS.HD:DSD_HEALTH_LVNG@DF_HEALTH_LVNG(1.0),,I,ITA,,A,,SP_OBS,,_T,,_T,,PT_POP,,SR,,2005,,9.9,,A,,0,,,
DATAFLOW,OECD.ELS.HD:DSD_HEALTH_LVNG@DF_HEALTH_LVNG(1.0),,I,ITA,,A,,SP_OBS,,_T,,_T,,PT_POP,,SR,,2003,,9,,A,,0,,,
DATAFLOW,OECD.ELS.HD:DSD_HEALTH_LVNG@DF_HEALTH_LVNG(1.0),,I,ITA,,A,,SP_OBS,,_T,,_T,,PT_POP,,SR,,2002,,8.5,,A,,0,,,
DATAFLOW,OECD.ELS.HD:DSD_HEALTH_LVNG@DF_HEALTH_LVNG(1.0),,I,ITA,,A,,SP_OBS,,_T,,_T,,PT_POP,,SR,,2001,,8.5,,A,,0,,,
DATAFLOW,OECD.ELS.HD:DSD_HEALTH_LVNG@DF_HEALTH_LVNG(1.0),,I,ITA,,A,,SP_OBS,,_T,,_T,,PT_POP,,SR,,2000,,8.6,,A,,0,,,
DATAFLOW,OECD.ELS.HD:DSD_HEALTH_LVNG@DF_HEALTH_LVNG(1.0),,I,ITA,,A,,SP_OBS,,_T,,_T,,PT_POP,,SR,,1999,,8.8,,A,,0,,,
DATAFLOW,OECD.ELS.HD:DSD_HEALTH_LVNG@DF_HEALTH_LVNG(1.0),,I,ITA,,A,,SP_OBS,,_T,,_T,,PT_POP,,SR,,1994,,7,,A,,0,,,
DATAFLOW,OECD.ELS.HD:DSD_HEALTH_LVNG@DF_HEALTH_LVNG(1.0),,I,ITA,,A,,SP_OVRGHT,,_T,,_T,,PT_POP,,SR,,1999,,32.4,,A,,0,,,
DATAFLOW,OECD.ELS.HD:DSD_HEALTH_LVNG@DF_HEALTH_LVNG(1.0),,I,ITA,,A,,SP_OVRGHT,,_T,,_T,,PT_POP,,SR,,1994,,31.1,,A,,0,,,
DATAFLOW,OECD.ELS.HD:DSD_HEALTH_LVNG@DF_HEALTH_LVNG(1.0),,I,ITA,,A,,SP_OBS,,_T,,_T,,PT_POP,,SR,,2023,,11.8,,A,,0,,,
DATAFLOW,OECD.ELS.HD:DSD_HEALTH_LVNG@DF_HEALTH_LVNG(1.0),,I,ITA,,A,,SP_OBS,,_T,,_T,,PT_POP,,SR,,2022,,11.4,,A,,0,,,
DATAFLOW,OECD.ELS.HD:DSD_HEALTH_LVNG@DF_HEALTH_LVNG(1.0),,I,ITA,,A,,SP_OBS,,_T,,_T,,PT_POP,,SR,,2021,,12,,A,,0,,,
DATAFLOW,OECD.ELS.HD:DSD_HEALTH_LVNG@DF_HEALTH_LVNG(1.0),,I,ITA,,A,,SP_OBS,,_T,,_T,,PT_POP,,SR,,2020,,11.5,,A,,0,,,
DATAFLOW,OECD.ELS.HD:DSD_HEALTH_LVNG@DF_HEALTH_LVNG(1.0),,I,ITA,,A,,SP_OBS,,_T,,_T,,PT_POP,,SR,,2019,,11,,A,,0,,,
DATAFLOW,OECD.ELS.HD:DSD_HEALTH_LVNG@DF_HEALTH_LVNG(1.0),,I,ITA,,A,,SP_OBS,,_T,,_T,,PT_POP,,SR,,2018,,10.7,,A,,0,,,
DATAFLOW,OECD.ELS.HD:DSD_HEALTH_LVNG@DF_HEALTH_LVNG(1.0),,I,ITA,,A,,SP_OBS,,_T,,_T,,PT_POP,,SR,,2017,,10.6,,A,,0,,,
DATAFLOW,OECD.ELS.HD:DSD_HEALTH_LVNG@DF_HEALTH_LVNG(1.0),,I,ITA,,A,,SP_OBS,,_T,,_T,,PT_POP,,SR,,2016,,10.4,,A,,0,,,
DATAFLOW,OECD.ELS.HD:DSD_HEALTH_LVNG@DF_HEALTH_LVNG(1.0),,I,ITA,,A,,SP_OBS,,_T,,_T,,PT_POP,,SR,,2015,,9.8,,A,,0,,,
DATAFLOW,OECD.ELS.HD:DSD_HEALTH_LVNG@DF_HEALTH_LVNG(1.0),,I,ITA,,A,,SP_OBS,,_T,,_T,,PT_POP,,SR,,2014,,10.3,,A,,0,,,
DATAFLOW,OECD.ELS.HD:DSD_HEALTH_LVNG@DF_HEALTH_LVNG(1.0),,I,ITA,,A,,SP_OBS,,_T,,_T,,PT_POP,,SR,,2013,,10.3,,A,,0,,,
DATAFLOW,OECD.ELS.HD:DSD_HEALTH_LVNG@DF_HEALTH_LVNG(1.0),,I,ITA,,A,,SP_OBS,,_T,,_T,,PT_POP,,SR,,2012,,10.4,,A,,0,,,
DATAFLOW,OECD.ELS.HD:DSD_HEALTH_LVNG@DF_HEALTH_LVNG(1.0),,I,ITA,,A,,SP_OBS,,_T,,_T,,PT_POP,,SR,,2011,,10,,A,,0,,,
DATAFLOW,OECD.ELS.HD:DSD_HEALTH_LVNG@DF_HEALTH_LVNG(1.0),,I,ITA,,A,,SP_OBS,,_T,,_T,,PT_POP,,SR,,2010,,10.3,,A,,0,,,
DATAFLOW,OECD.ELS.HD:DSD_HEALTH_LVNG@DF_HEALTH_LVNG(1.0),,I,ITA,,A,,SP_OBS,,_T,,_T,,PT_POP,,SR,,2009,,10.3,,A,,0,,,
DATAFLOW,OECD.ELS.HD:DSD_HEALTH_LVNG@DF_HEALTH_LVNG(1.0),,I,ITA,,A,,SP_OBS,,_T,,_T,,PT_POP,,SR,,2008,,9.9,,A,,0,,,
DATAFLOW,OECD.ELS.HD:DSD_HEALTH_LVNG@DF_HEALTH_LVNG(1.0),,I,ITA,,A,,SP_OBS,,_T,,_T,,PT_POP,,SR,,2007,,9.9,,A,,0,,,
DATAFLOW,OECD.ELS.HD:DSD_HEALTH_LVNG@DF_HEALTH_LVNG(1.0),,I,ITA,,A,,SP_OVRGHT,,_T,,F,,PT_POP,,SR,,2015,,27.3,,A,,0,,,
DATAFLOW,OECD.ELS.HD:DSD_HEALTH_LVNG@DF_HEALTH_LVNG(1.0),,I,ITA,,A,,SP_OVRGHT,,_T,,F,,PT_POP,,SR,,2014,,28.2,,A,,0,,,
DATAFLOW,OECD.ELS.HD:DSD_HEALTH_LVNG@DF_HEALTH_LVNG(1.0),,I,ITA,,A,,SP_OVRGHT,,_T,,F,,PT_POP,,SR,,2013,,27.5,,A,,0,,,
DATAFLOW,OECD.ELS.HD:DSD_HEALTH_LVNG@DF_HEALTH_LVNG(1.0),,I,ITA,,A,,SP_OVRGHT,,_T,,F,,PT_POP,,SR,,2012,,27.6,,A,,0,,,
DATAFLOW,OECD.ELS.HD:DSD_HEALTH_LVNG@DF_HEALTH_LVNG(1.0),,I,ITA,,A,,SP_OVRGHT,,_T,,F,,PT_POP,,SR,,2011,,26.8,,A,,0,,,
DATAFLOW,OECD.ELS.HD:DSD_HEALTH_LVNG@DF_HEALTH_LVNG(1.0),,I,ITA,,A,,SP_OVRGHT,,_T,,F,,PT_POP,,SR,,2010,,27.6,,A,,0,,,
DATAFLOW,OECD.ELS.HD:DSD_HEALTH_LVNG@DF_HEALTH_LVNG(1.0),,I,ITA,,A,,SP_OVRGHT,,_T,,F,,PT_POP,,SR,,2009,,27.7,,A,,0,,,
DATAFLOW,OECD.ELS.HD:DSD_HEALTH_LVNG@DF_HEALTH_LVNG(1.0),,I,ITA,,A,,SP_OVRGHT,,_T,,F,,PT_POP,,SR,,2008,,27.1,,A,,0,,,
DATAFLOW,OECD.ELS.HD:DSD_HEALTH_LVNG@DF_HEALTH_LVNG(1.0),,I,ITA,,A,,SP_OVRGHT,,_T,,F,,PT_POP,,SR,,2007,,27.6,,A,,0,,,
DATAFLOW,OECD.ELS.HD:DSD_HEALTH_LVNG@DF_HEALTH_LVNG(1.0),,I,ITA,,A,,SP_OVRGHT,,_T,,F,,PT_POP,,SR,,2006,,26.8,,A,,0,,,
DATAFLOW,OECD.ELS.HD:DSD_HEALTH_LVNG@DF_HEALTH_LVNG(1.0),,I,ITA,,A,,SP_OVRGHT,,_T,,F,,PT_POP,,SR,,2005,,26.2,,A,,0,,,
DATAFLOW,OECD.ELS.HD:DSD_HEALTH_LVNG@DF_HEALTH_LVNG(1.0),,I,ITA,,A,,SP_OVRGHT,,_T,,F,,PT_POP,,SR,,2003,,25.8,,A,,0,,,
DATAFLOW,OECD.ELS.HD:DSD_HEALTH_LVNG@DF_HEALTH_LVNG(1.0),,I,ITA,,A,,SP_OVRGHT,,_T,,F,,PT_POP,,SR,,2002,,25.4,,A,,0,,,
DATAFLOW,OECD.ELS.HD:DSD_HEALTH_LVNG@DF_HEALTH_LVNG(1.0),,I,ITA,,A,,SP_OVRGHT,,_T,,F,,PT_POP,,SR,,2001,,25.8,,A,,0,,,
DATAFLOW,OECD.ELS.HD:DSD_HEALTH_LVNG@DF_HEALTH_LVNG(1.0),,I,ITA,,A,,SP_OVRGHT,,_T,,F,,PT_POP,,SR,,2000,,25.1,,A,,0,,,
DATAFLOW,OECD.ELS.HD:DSD_HEALTH_LVNG@DF_HEALTH_LVNG(1.0),,I,ITA,,A,,SP_OVRGHT,,_T,,F,,PT_POP,,SR,,1999,,24.9,,A,,0,,,
DATAFLOW,OECD.ELS.HD:DSD_HEALTH_LVNG@DF_HEALTH_LVNG(1.0),,I,ITA,,A,,SP_OVRGHT,,_T,,F,,PT_POP,,SR,,1994,,24.4,,A,,0,,,
DATAFLOW,OECD.ELS.HD:DSD_HEALTH_LVNG@DF_HEALTH_LVNG(1.0),,I,ITA,,A,,SP_OVRGHT,,_T,,_T,,PT_POP,,SR,,2023,,34.6,,A,,0,,,
DATAFLOW,OECD.ELS.HD:DSD_HEALTH_LVNG@DF_HEALTH_LVNG(1.0),,I,ITA,,A,,SP_OVRGHT,,_T,,_T,,PT_POP,,SR,,2022,,35,,A,,0,,,
DATAFLOW,OECD.ELS.HD:DSD_HEALTH_LVNG@DF_HEALTH_LVNG(1.0),,I,ITA,,A,,SP_OVRGHT,,_T,,_T,,PT_POP,,SR,,2021,,34.2,,A,,0,,,
DATAFLOW,OECD.ELS.HD:DSD_HEALTH_LVNG@DF_HEALTH_LVNG(1.0),,I,ITA,,A,,SP_OVRGHT,,_T,,_T,,PT_POP,,SR,,2020,,36.1,,A,,0,,,
DATAFLOW,OECD.ELS.HD:DSD_HEALTH_LVNG@DF_HEALTH_LVNG(1.0),,I,ITA,,A,,SP_OVRGHT,,_T,,_T,,PT_POP,,SR,,2019,,35.4,,A,,0,,,
DATAFLOW,OECD.ELS.HD:DSD_HEALTH_LVNG@DF_HEALTH_LVNG(1.0),,I,ITA,,A,,SP_OVRGHT,,_T,,_T,,PT_POP,,SR,,2018,,35.4,,A,,0,,,
DATAFLOW,OECD.ELS.HD:DSD_HEALTH_LVNG@DF_HEALTH_LVNG(1.0),,I,ITA,,A,,SP_OVRGHT,,_T,,_T,,PT_POP,,SR,,2017,,35.4,,A,,0,,,
DATAFLOW,OECD.ELS.HD:DSD_HEALTH_LVNG@DF_HEALTH_LVNG(1.0),,I,ITA,,A,,SP_OVRGHT,,_T,,_T,,PT_POP,,SR,,2016,,35.5,,A,,0,,,
DATAFLOW,OECD.ELS.HD:DSD_HEALTH_LVNG@DF_HEALTH_LVNG(1.0),,I,ITA,,A,,SP_OVRGHT,,_T,,_T,,PT_POP,,SR,,2015,,35.3,,A,,0,,,
DATAFLOW,OECD.ELS.HD:DSD_HEALTH_LVNG@DF_HEALTH_LVNG(1.0),,I,ITA,,A,,SP_OVRGHT,,_T,,_T,,PT_POP,,SR,,2014,,36.2,,A,,0,,,
DATAFLOW,OECD.ELS.HD:DSD_HEALTH_LVNG@DF_HEALTH_LVNG(1.0),,I,ITA,,A,,SP_OVRGHT,,_T,,_T,,PT_POP,,SR,,2013,,35.5,,A,,0,,,
DATAFLOW,OECD.ELS.HD:DSD_HEALTH_LVNG@DF_HEALTH_LVNG(1.0),,I,ITA,,A,,SP_OVRGHT,,_T,,_T,,PT_POP,,SR,,2012,,35.6,,A,,0,,,
DATAFLOW,OECD.ELS.HD:DSD_HEALTH_LVNG@DF_HEALTH_LVNG(1.0),,I,ITA,,A,,SP_OVRGHT,,_T,,_T,,PT_POP,,SR,,2011,,35.8,,A,,0,,,
DATAFLOW,OECD.ELS.HD:DSD_HEALTH_LVNG@DF_HEALTH_LVNG(1.0),,I,ITA,,A,,SP_OVRGHT,,_T,,_T,,PT_POP,,SR,,2010,,35.6,,A,,0,,,
DATAFLOW,OECD.ELS.HD:DSD_HEALTH_LVNG@DF_HEALTH_LVNG(1.0),,I,ITA,,A,,SP_OVRGHT,,_T,,_T,,PT_POP,,SR,,2009,,36.1,,A,,0,,,
DATAFLOW,OECD.ELS.HD:DSD_HEALTH_LVNG@DF_HEALTH_LVNG(1.0),,I,ITA,,A,,SP_OVRGHT,,_T,,_T,,PT_POP,,SR,,2008,,35.6,,A,,0,,,
DATAFLOW,OECD.ELS.HD:DSD_HEALTH_LVNG@DF_HEALTH_LVNG(1.0),,I,ITA,,A,,SP_OVRGHT,,_T,,_T,,PT_POP,,SR,,2007,,35.6,,A,,0,,,
DATAFLOW,OECD.ELS.HD:DSD_HEALTH_LVNG@DF_HEALTH_LVNG(1.0),,I,ITA,,A,,SP_OVRGHT,,_T,,_T,,PT_POP,,SR,,2006,,35,,A,,0,,,
DATAFLOW,OECD.ELS.HD:DSD_HEALTH_LVNG@DF_HEALTH_LVNG(1.0),,I,ITA,,A,,SP_OVRGHT,,_T,,_T,,PT_POP,,SR,,2005,,34.7,,A,,0,,,
DATAFLOW,OECD.ELS.HD:DSD_HEALTH_LVNG@DF_HEALTH_LVNG(1.0),,I,ITA,,A,,SP_OVRGHT,,_T,,_T,,PT_POP,,SR,,2003,,33.6,,A,,0,,,
DATAFLOW,OECD.ELS.HD:DSD_HEALTH_LVNG@DF_HEALTH_LVNG(1.0),,I,ITA,,A,,SP_OVRGHT,,_T,,_T,,PT_POP,,SR,,2002,,33.5,,A,,0,,,
DATAFLOW,OECD.ELS.HD:DSD_HEALTH_LVNG@DF_HEALTH_LVNG(1.0),,I,ITA,,A,,SP_OVRGHT,,_T,,_T,,PT_POP,,SR,,2001,,33.9,,A,,0,,,
DATAFLOW,OECD.ELS.HD:DSD_HEALTH_LVNG@DF_HEALTH_LVNG(1.0),,I,ITA,,A,,SP_OVRGHT,,_T,,_T,,PT_POP,,SR,,2000,,32.5,,A,,0,,,
DATAFLOW,OECD.ELS.HD:DSD_HEALTH_LVNG@DF_HEALTH_LVNG(1.0),,I,ITA,,A,,SP_OBS,,_T,,F,,PT_POP,,SR,,2023,,10.7,,A,,0,,,
DATAFLOW,OECD.ELS.HD:DSD_HEALTH_LVNG@DF_HEALTH_LVNG(1.0),,I,ITA,,A,,SP_OBS,,_T,,F,,PT_POP,,SR,,2022,,10.6,,A,,0,,,
DATAFLOW,OECD.ELS.HD:DSD_HEALTH_LVNG@DF_HEALTH_LVNG(1.0),,I,ITA,,A,,SP_OBS,,_T,,F,,PT_POP,,SR,,2021,,11.1,,A,,0,,,
DATAFLOW,OECD.ELS.HD:DSD_HEALTH_LVNG@DF_HEALTH_LVNG(1.0),,I,ITA,,A,,SP_OBS,,_T,,F,,PT_POP,,SR,,2020,,10.8,,A,,0,,,
DATAFLOW,OECD.ELS.HD:DSD_HEALTH_LVNG@DF_HEALTH_LVNG(1.0),,I,ITA,,A,,SP_OBS,,_T,,F,,PT_POP,,SR,,2019,,10.3,,A,,0,,,
DATAFLOW,OECD.ELS.HD:DSD_HEALTH_LVNG@DF_HEALTH_LVNG(1.0),,I,ITA,,A,,SP_OBS,,_T,,F,,PT_POP,,SR,,2018,,9.8,,A,,0,,,
DATAFLOW,OECD.ELS.HD:DSD_HEALTH_LVNG@DF_HEALTH_LVNG(1.0),,I,ITA,,A,,SP_OBS,,_T,,F,,PT_POP,,SR,,2017,,9.4,,A,,0,,,
DATAFLOW,OECD.ELS.HD:DSD_HEALTH_LVNG@DF_HEALTH_LVNG(1.0),,I,ITA,,A,,SP_OBS,,_T,,F,,PT_POP,,SR,,2016,,9.8,,A,,0,,,
DATAFLOW,OECD.ELS.HD:DSD_HEALTH_LVNG@DF_HEALTH_LVNG(1.0),,I,ITA,,A,,SP_OBS,,_T,,F,,PT_POP,,SR,,2015,,9,,A,,0,,,
DATAFLOW,OECD.ELS.HD:DSD_HEALTH_LVNG@DF_HEALTH_LVNG(1.0),,I,ITA,,A,,SP_OBS,,_T,,F,,PT_POP,,SR,,2014,,9.7,,A,,0,,,
DATAFLOW,OECD.ELS.HD:DSD_HEALTH_LVNG@DF_HEALTH_LVNG(1.0),,I,ITA,,A,,SP_OBS,,_T,,F,,PT_POP,,SR,,2013,,9.3,,A,,0,,,
DATAFLOW,OECD.ELS.HD:DSD_HEALTH_LVNG@DF_HEALTH_LVNG(1.0),,I,ITA,,A,,SP_OBS,,_T,,F,,PT_POP,,SR,,2012,,9.5,,A,,0,,,
DATAFLOW,OECD.ELS.HD:DSD_HEALTH_LVNG@DF_HEALTH_LVNG(1.0),,I,ITA,,A,,SP_OBS,,_T,,F,,PT_POP,,SR,,2011,,9.4,,A,,0,,,
DATAFLOW,OECD.ELS.HD:DSD_HEALTH_LVNG@DF_HEALTH_LVNG(1.0),,I,ITA,,A,,SP_OBS,,_T,,F,,PT_POP,,SR,,2010,,9.6,,A,,0,,,
DATAFLOW,OECD.ELS.HD:DSD_HEALTH_LVNG@DF_HEALTH_LVNG(1.0),,I,ITA,,A,,SP_OBS,,_T,,F,,PT_POP,,SR,,2009,,9.3,,A,,0,,,
DATAFLOW,OECD.ELS.HD:DSD_HEALTH_LVNG@DF_HEALTH_LVNG(1.0),,I,ITA,,A,,SP_OBS,,_T,,F,,PT_POP,,SR,,2008,,9.1,,A,,0,,,
DATAFLOW,OECD.ELS.HD:DSD_HEALTH_LVNG@DF_HEALTH_LVNG(1.0),,I,ITA,,A,,SP_OBS,,_T,,F,,PT_POP,,SR,,2007,,9.2,,A,,0,,,
DATAFLOW,OECD.ELS.HD:DSD_HEALTH_LVNG@DF_HEALTH_LVNG(1.0),,I,ITA,,A,,SP_OBS,,_T,,F,,PT_POP,,SR,,2006,,10,,A,,0,,,
DATAFLOW,OECD.ELS.HD:DSD_HEALTH_LVNG@DF_HEALTH_LVNG(1.0),,I,ITA,,A,,SP_OBS,,_T,,F,,PT_POP,,SR,,2005,,9.7,,A,,0,,,
DATAFLOW,OECD.ELS.HD:DSD_HEALTH_LVNG@DF_HEALTH_LVNG(1.0),,I,ITA,,A,,SP_OBS,,_T,,F,,PT_POP,,SR,,2003,,8.7,,A,,0,,,
DATAFLOW,OECD.ELS.HD:DSD_HEALTH_LVNG@DF_HEALTH_LVNG(1.0),,I,ITA,,A,,SP_OBS,,_T,,F,,PT_POP,,SR,,2002,,8.3,,A,,0,,,
DATAFLOW,OECD.ELS.HD:DSD_HEALTH_LVNG@DF_HEALTH_LVNG(1.0),,I,ITA,,A,,SP_OBS,,_T,,F,,PT_POP,,SR,,2001,,8.4,,A,,0,,,
DATAFLOW,OECD.ELS.HD:DSD_HEALTH_LVNG@DF_HEALTH_LVNG(1.0),,I,ITA,,A,,SP_OBS,,_T,,F,,PT_POP,,SR,,2000,,8.4,,A,,0,,,
DATAFLOW,OECD.ELS.HD:DSD_HEALTH_LVNG@DF_HEALTH_LVNG(1.0),,I,ITA,,A,,SP_OBS,,_T,,F,,PT_POP,,SR,,1999,,8.8,,A,,0,,,
DATAFLOW,OECD.ELS.HD:DSD_HEALTH_LVNG@DF_HEALTH_LVNG(1.0),,I,ITA,,A,,SP_OBS,,_T,,F,,PT_POP,,SR,,1994,,6.7,,A,,0,,,
DATAFLOW,OECD.ELS.HD:DSD_HEALTH_LVNG@DF_HEALTH_LVNG(1.0),,I,ITA,,A,,SP_OBS,,_T,,M,,PT_POP,,SR,,2023,,13,,A,,0,,,
DATAFLOW,OECD.ELS.HD:DSD_HEALTH_LVNG@DF_HEALTH_LVNG(1.0),,I,ITA,,A,,SP_OBS,,_T,,M,,PT_POP,,SR,,2022,,12.2,,A,,0,,,
DATAFLOW,OECD.ELS.HD:DSD_HEALTH_LVNG@DF_HEALTH_LVNG(1.0),,I,ITA,,A,,SP_OBS,,_T,,M,,PT_POP,,SR,,2021,,12.9,,A,,0,,,
DATAFLOW,OECD.ELS.HD:DSD_HEALTH_LVNG@DF_HEALTH_LVNG(1.0),,I,ITA,,A,,SP_OBS,,_T,,M,,PT_POP,,SR,,2020,,12.3,,A,,0,,,
DATAFLOW,OECD.ELS.HD:DSD_HEALTH_LVNG@DF_HEALTH_LVNG(1.0),,I,ITA,,A,,SP_OBS,,_T,,M,,PT_POP,,SR,,2019,,11.7,,A,,0,,,
DATAFLOW,OECD.ELS.HD:DSD_HEALTH_LVNG@DF_HEALTH_LVNG(1.0),,I,ITA,,A,,SP_OBS,,_T,,M,,PT_POP,,SR,,2018,,11.7,,A,,0,,,
DATAFLOW,OECD.ELS.HD:DSD_HEALTH_LVNG@DF_HEALTH_LVNG(1.0),,I,ITA,,A,,SP_OBS,,_T,,M,,PT_POP,,SR,,2017,,11.8,,A,,0,,,
DATAFLOW,OECD.ELS.HD:DSD_HEALTH_LVNG@DF_HEALTH_LVNG(1.0),,I,ITA,,A,,SP_OBS,,_T,,M,,PT_POP,,SR,,2016,,11.1,,A,,0,,,
DATAFLOW,OECD.ELS.HD:DSD_HEALTH_LVNG@DF_HEALTH_LVNG(1.0),,I,ITA,,A,,SP_OBS,,_T,,M,,PT_POP,,SR,,2015,,10.8,,A,,0,,,
DATAFLOW,OECD.ELS.HD:DSD_HEALTH_LVNG@DF_HEALTH_LVNG(1.0),,I,ITA,,A,,SP_OBS,,_T,,M,,PT_POP,,SR,,2014,,10.8,,A,,0,,,
DATAFLOW,OECD.ELS.HD:DSD_HEALTH_LVNG@DF_HEALTH_LVNG(1.0),,I,ITA,,A,,SP_OBS,,_T,,M,,PT_POP,,SR,,2013,,11.5,,A,,0,,,
DATAFLOW,OECD.ELS.HD:DSD_HEALTH_LVNG@DF_HEALTH_LVNG(1.0),,I,ITA,,A,,SP_OBS,,_T,,M,,PT_POP,,SR,,2012,,11.3,,A,,0,,,
DATAFLOW,OECD.ELS.HD:DSD_HEALTH_LVNG@DF_HEALTH_LVNG(1.0),,I,ITA,,A,,SP_OBS,,_T,,M,,PT_POP,,SR,,2011,,10.7,,A,,0,,,
DATAFLOW,OECD.ELS.HD:DSD_HEALTH_LVNG@DF_HEALTH_LVNG(1.0),,I,ITA,,A,,SP_OBS,,_T,,M,,PT_POP,,SR,,2010,,11.1,,A,,0,,,
DATAFLOW,OECD.ELS.HD:DSD_HEALTH_LVNG@DF_HEALTH_LVNG(1.0),,I,ITA,,A,,SP_OBS,,_T,,M,,PT_POP,,SR,,2009,,11.3,,A,,0,,,
DATAFLOW,OECD.ELS.HD:DSD_HEALTH_LVNG@DF_HEALTH_LVNG(1.0),,I,ITA,,A,,SP_OBS,,_T,,M,,PT_POP,,SR,,2008,,10.8,,A,,0,,,
DATAFLOW,OECD.ELS.HD:DSD_HEALTH_LVNG@DF_HEALTH_LVNG(1.0),,I,ITA,,A,,SP_OBS,,_T,,M,,PT_POP,,SR,,2007,,10.6,,A,,0,,,
DATAFLOW,OECD.ELS.HD:DSD_HEALTH_LVNG@DF_HEALTH_LVNG(1.0),,I,ITA,,A,,SP_OBS,,_T,,M,,PT_POP,,SR,,2006,,10.4,,A,,0,,,
DATAFLOW,OECD.ELS.HD:DSD_HEALTH_LVNG@DF_HEALTH_LVNG(1.0),,I,ITA,,A,,SP_OBS,,_T,,M,,PT_POP,,SR,,2005,,10.2,,A,,0,,,
DATAFLOW,OECD.ELS.HD:DSD_HEALTH_LVNG@DF_HEALTH_LVNG(1.0),,I,ITA,,A,,SP_OBS,,_T,,M,,PT_POP,,SR,,2003,,9.3,,A,,0,,,
DATAFLOW,OECD.ELS.HD:DSD_HEALTH_LVNG@DF_HEALTH_LVNG(1.0),,I,ITA,,A,,SP_OBS,,_T,,M,,PT_POP,,SR,,2002,,8.8,,A,,0,,,
DATAFLOW,OECD.ELS.HD:DSD_HEALTH_LVNG@DF_HEALTH_LVNG(1.0),,I,ITA,,A,,SP_OBS,,_T,,M,,PT_POP,,SR,,2001,,8.6,,A,,0,,,
DATAFLOW,OECD.ELS.HD:DSD_HEALTH_LVNG@DF_HEALTH_LVNG(1.0),,I,ITA,,A,,SP_OBS,,_T,,M,,PT_POP,,SR,,2000,,8.8,,A,,0,,,
DATAFLOW,OECD.ELS.HD:DSD_HEALTH_LVNG@DF_HEALTH_LVNG(1.0),,I,ITA,,A,,SP_OBS,,_T,,M,,PT_POP,,SR,,1999,,8.8,,A,,0,,,
DATAFLOW,OECD.ELS.HD:DSD_HEALTH_LVNG@DF_HEALTH_LVNG(1.0),,I,ITA,,A,,SP_OBS,,_T,,M,,PT_POP,,SR,,1994,,7.2,,A,,0,,,
DATAFLOW,OECD.ELS.HD:DSD_HEALTH_LVNG@DF_HEALTH_LVNG(1.0),,I,ITA,,A,,SP_OVRGHT,,_T,,M,,PT_POP,,SR,,2023,,42,,A,,0,,,
DATAFLOW,OECD.ELS.HD:DSD_HEALTH_LVNG@DF_HEALTH_LVNG(1.0),,I,ITA,,A,,SP_OVRGHT,,_T,,M,,PT_POP,,SR,,2022,,42.7,,A,,0,,,
DATAFLOW,OECD.ELS.HD:DSD_HEALTH_LVNG@DF_HEALTH_LVNG(1.0),,I,ITA,,A,,SP_OVRGHT,,_T,,M,,PT_POP,,SR,,2021,,42.1,,A,,0,,,
DATAFLOW,OECD.ELS.HD:DSD_HEALTH_LVNG@DF_HEALTH_LVNG(1.0),,I,ITA,,A,,SP_OVRGHT,,_T,,M,,PT_POP,,SR,,2020,,43.9,,A,,0,,,
DATAFLOW,OECD.ELS.HD:DSD_HEALTH_LVNG@DF_HEALTH_LVNG(1.0),,I,ITA,,A,,SP_OVRGHT,,_T,,M,,PT_POP,,SR,,2019,,43.3,,A,,0,,,
DATAFLOW,OECD.ELS.HD:DSD_HEALTH_LVNG@DF_HEALTH_LVNG(1.0),,I,ITA,,A,,SP_OVRGHT,,_T,,M,,PT_POP,,SR,,2018,,43.5,,A,,0,,,
DATAFLOW,OECD.ELS.HD:DSD_HEALTH_LVNG@DF_HEALTH_LVNG(1.0),,I,ITA,,A,,SP_OVRGHT,,_T,,M,,PT_POP,,SR,,2017,,43,,A,,0,,,
DATAFLOW,OECD.ELS.HD:DSD_HEALTH_LVNG@DF_HEALTH_LVNG(1.0),,I,ITA,,A,,SP_OVRGHT,,_T,,M,,PT_POP,,SR,,2016,,44.6,,A,,0,,,
DATAFLOW,OECD.ELS.HD:DSD_HEALTH_LVNG@DF_HEALTH_LVNG(1.0),,I,ITA,,A,,SP_OVRGHT,,_T,,M,,PT_POP,,SR,,2015,,44,,A,,0,,,
DATAFLOW,OECD.ELS.HD:DSD_HEALTH_LVNG@DF_HEALTH_LVNG(1.0),,I,ITA,,A,,SP_OVRGHT,,_T,,M,,PT_POP,,SR,,2014,,44.8,,A,,0,,,
DATAFLOW,OECD.ELS.HD:DSD_HEALTH_LVNG@DF_HEALTH_LVNG(1.0),,I,ITA,,A,,SP_OVRGHT,,_T,,M,,PT_POP,,SR,,2013,,44.1,,A,,0,,,
DATAFLOW,OECD.ELS.HD:DSD_HEALTH_LVNG@DF_HEALTH_LVNG(1.0),,I,ITA,,A,,SP_OVRGHT,,_T,,M,,PT_POP,,SR,,2012,,44.2,,A,,0,,,
DATAFLOW,OECD.ELS.HD:DSD_HEALTH_LVNG@DF_HEALTH_LVNG(1.0),,I,ITA,,A,,SP_OVRGHT,,_T,,M,,PT_POP,,SR,,2011,,45.5,,A,,0,,,
DATAFLOW,OECD.ELS.HD:DSD_HEALTH_LVNG@DF_HEALTH_LVNG(1.0),,I,ITA,,A,,SP_OVRGHT,,_T,,M,,PT_POP,,SR,,2010,,44.3,,A,,0,,,
DATAFLOW,OECD.ELS.HD:DSD_HEALTH_LVNG@DF_HEALTH_LVNG(1.0),,I,ITA,,A,,SP_OVRGHT,,_T,,M,,PT_POP,,SR,,2009,,45.2,,A,,0,,,
DATAFLOW,OECD.ELS.HD:DSD_HEALTH_LVNG@DF_HEALTH_LVNG(1.0),,I,ITA,,A,,SP_OVRGHT,,_T,,M,,PT_POP,,SR,,2008,,44.7,,A,,0,,,
DATAFLOW,OECD.ELS.HD:DSD_HEALTH_LVNG@DF_HEALTH_LVNG(1.0),,I,ITA,,A,,SP_OVRGHT,,_T,,M,,PT_POP,,SR,,2007,,44.3,,A,,0,,,
DATAFLOW,OECD.ELS.HD:DSD_HEALTH_LVNG@DF_HEALTH_LVNG(1.0),,I,ITA,,A,,SP_OVRGHT,,_T,,M,,PT_POP,,SR,,2006,,43.8,,A,,0,,,
DATAFLOW,OECD.ELS.HD:DSD_HEALTH_LVNG@DF_HEALTH_LVNG(1.0),,I,ITA,,A,,SP_OVRGHT,,_T,,M,,PT_POP,,SR,,2005,,43.9,,A,,0,,,
DATAFLOW,OECD.ELS.HD:DSD_HEALTH_LVNG@DF_HEALTH_LVNG(1.0),,I,ITA,,A,,SP_OVRGHT,,_T,,M,,PT_POP,,SR,,2003,,42.1,,A,,0,,,
DATAFLOW,OECD.ELS.HD:DSD_HEALTH_LVNG@DF_HEALTH_LVNG(1.0),,I,ITA,,A,,SP_OVRGHT,,_T,,M,,PT_POP,,SR,,2002,,42.2,,A,,0,,,
DATAFLOW,OECD.ELS.HD:DSD_HEALTH_LVNG@DF_HEALTH_LVNG(1.0),,I,ITA,,A,,SP_OVRGHT,,_T,,M,,PT_POP,,SR,,2001,,42.6,,A,,0,,,
DATAFLOW,OECD.ELS.HD:DSD_HEALTH_LVNG@DF_HEALTH_LVNG(1.0),,I,ITA,,A,,SP_OVRGHT,,_T,,M,,PT_POP,,SR,,2000,,40.3,,A,,0,,,
DATAFLOW,OECD.ELS.HD:DSD_HEALTH_LVNG@DF_HEALTH_LVNG(1.0),,I,ITA,,A,,SP_OVRGHT,,_T,,M,,PT_POP,,SR,,1999,,40.5,,A,,0,,,
DATAFLOW,OECD.ELS.HD:DSD_HEALTH_LVNG@DF_HEALTH_LVNG(1.0),,I,ITA,,A,,SP_OVRGHT,,_T,,M,,PT_POP,,SR,,1994,,38.3,,A,,0,,,
DATAFLOW,OECD.ELS.HD:DSD_HEALTH_LVNG@DF_HEALTH_LVNG(1.0),,I,ITA,,A,,SP_OVRGHT,,_T,,F,,PT_POP,,SR,,2023,,27.6,,A,,0,,,
DATAFLOW,OECD.ELS.HD:DSD_HEALTH_LVNG@DF_HEALTH_LVNG(1.0),,I,ITA,,A,,SP_OVRGHT,,_T,,F,,PT_POP,,SR,,2022,,27.8,,A,,0,,,
DATAFLOW,OECD.ELS.HD:DSD_HEALTH_LVNG@DF_HEALTH_LVNG(1.0),,I,ITA,,A,,SP_OVRGHT,,_T,,F,,PT_POP,,SR,,2021,,26.8,,A,,0,,,
DATAFLOW,OECD.ELS.HD:DSD_HEALTH_LVNG@DF_HEALTH_LVNG(1.0),,I,ITA,,A,,SP_OVRGHT,,_T,,F,,PT_POP,,SR,,2020,,28.8,,A,,0,,,
DATAFLOW,OECD.ELS.HD:DSD_HEALTH_LVNG@DF_HEALTH_LVNG(1.0),,I,ITA,,A,,SP_OVRGHT,,_T,,F,,PT_POP,,SR,,2019,,28.1,,A,,0,,,
DATAFLOW,OECD.ELS.HD:DSD_HEALTH_LVNG@DF_HEALTH_LVNG(1.0),,I,ITA,,A,,SP_OVRGHT,,_T,,F,,PT_POP,,SR,,2018,,27.9,,A,,0,,,
DATAFLOW,OECD.ELS.HD:DSD_HEALTH_LVNG@DF_HEALTH_LVNG(1.0),,I,ITA,,A,,SP_OVRGHT,,_T,,F,,PT_POP,,SR,,2017,,28.4,,A,,0,,,
