STRUCTURE,STRUCTURE_ID,STRUCTURE_NAME,ACTION,REF_AREA,,FREQ,,MEASURE,,AGE,,SEX,,UNIT_MEASURE,,METHODOLOGY,,TIME_PERIOD,,OBS_VALUE,,OBS_STATUS,,UNIT_MULT,,DECIMALS,
DATAFLOW,OECD.ELS.HD:DSD_HEALTH_LVNG@DF_HEALTH_LVNG(1.0),,I,ITA,,A,,PRS,,_T,,_T,,G_PS_D,,_Z,,1987,,107.6,,A,,0,,,
DATAFLOW,OECD.ELS.HD:DSD_HEALTH_LVNG@DF_HEALTH_LVNG(1.0),,I,ITA,,A,,PRS,,_T,,_T,,G_PS_D,,_Z,,1968,,93.8,,A,,0,,,
DATAFLOW,OECD.ELS.HD:DSD_HEALTH_LVNG@DF_HEALTH_LVNG(1.0),,I,ITA,,A,,PRS,,_T,,_T,,G_PS_D,,_Z,,1967,,92.4,,A,,0,,,
DATAFLOW,OECD.ELS.HD:DSD_HEALTH_LVNG@DF_HEALTH_LVNG(1.0),,I,ITA,,A,,PRS,,_T,,_T,,G_PS_D,,_Z,,1966,,90.2,,A,,0,,,
DATAFLOW,OECD.ELS.HD:DSD_HEALTH_LVNG@DF_HEALTH_LVNG(1.0),,I,ITA,,A,,PRS,,_T,,_T,,G_PS_D,,_Z,,1965,,88.9,,A,,0,,,
DATAFLOW,OECD.ELS.HD:DSD_HEALTH_LVNG@DF_HEALTH_LVNG(1.0),,I,ITA,,A,,PRS,,_T,,_T,,G_PS_D,,_Z,,1964,,87.2,,A,,0,,,
DATAFLOW,OECD.ELS.HD:DSD_HEALTH_LVNG@DF_HEALTH_LVNG(1.0),,I,ITA,,A,,PRS,,_T,,_T,,G_PS_D,,_Z,,1963,,86,,A,,0,,,
DATAFLOW,OECD.ELS.HD:DSD_HEALTH_LVNG@DF_HEALTH_LVNG(1.0),,I,ITA,,A,,PRS,,_T,,_T,,G_PS_D,,_Z,,1962,,83.2,,A,,0,,,
DATAFLOW,OECD.ELS.HD:DSD_HEALTH_LVNG@DF_HEALTH_LVNG(1.0),,I,ITA,,A,,PRS,,_T,,_T,,G_PS_D,,_Z,,1961,,82.5,,A,,0,,,
DATAFLOW,OECD.ELS.HD:DSD_HEALTH_LVNG@DF_HEALTH_LVNG(1.0),,I,ITA,,A,,PRS,,_T,,_T,,G_PS_D,,_Z,,1986,,106.7,,A,,0,,,
DATAFLOW,OECD.ELS.HD:DSD_HEALTH_LVNG@DF_HEALTH_LVNG(1.0),,I,ITA,,A,,PRS,,_T,,_T,,G_PS_D,,_Z,,1985,,105.7,,A,,0,,,
DATAFLOW,OECD.ELS.HD:DSD_HEALTH_LVNG@DF_HEALTH_LVNG(1.0),,I,ITA,,A,,PRS,,_T,,_T,,G_PS_D,,_Z,,1984,,104.7,,A,,0,,,
DATAFLOW,OECD.ELS.HD:DSD_HEALTH_LVNG@DF_HEALTH_LVNG(1.0),,I,ITA,,A,,PRS,,_T,,_T,,G_PS_D,,_Z,,1983,,102.8,,A,,0,,,
DATAFLOW,OECD.ELS.HD:DSD_HEALTH_LVNG@DF_HEALTH_LVNG(1.0),,I,ITA,,A,,PRS,,_T,,_T,,G_PS_D,,_Z,,1982,,103,,A,,0,,,
DATAFLOW,OECD.ELS.HD:DSD_HEALTH_LVNG@DF_HEALTH_LVNG(1.0),,I,ITA,,A,,PRS,,_T,,_T,,G_PS_D,,_Z,,1981,,104.9,,A,,0,,,
DATAFLOW,OECD.ELS.HD:DSD_HEALTH_LVNG@DF_HEALTH_LVNG(1.0),,I,ITA,,A,,PRS,,_T,,_T,,G_PS_D,,_Z,,1980,,108.1,,A,,0,,,
DATAFLOW,OECD.ELS.HD:DSD_HEALTH_LVNG@DF_HEALTH_LVNG(1.0),,I,ITA,,A,,PRS,,_T,,_T,,G_PS_D,,_Z,,1979,,107.1,,A,,0,,,
DATAFLOW,OECD.ELS.HD:DSD_HEALTH_LVNG@DF_HEALTH_LVNG(1.0),,I,ITA,,A,,PRS,,_T,,_T,,G_PS_D,,_Z,,1978,,103.1,,A,,0,,,
DATAFLOW,OECD.ELS.HD:DSD_HEALTH_LVNG@DF_HEALTH_LVNG(1.0),,I,ITA,,A,,PRS,,_T,,_T,,G_PS_D,,_Z,,1977,,100.1,,A,,0,,,
DATAFLOW,OECD.ELS.HD:DSD_HEALTH_LVNG@DF_HEALTH_LVNG(1.0),,I,ITA,,A,,PRS,,_T,,_T,,G_PS_D,,_Z,,1976,,99.3,,A,,0,,,
DATAFLOW,OECD.ELS.HD:DSD_HEALTH_LVNG@DF_HEALTH_LVNG(1.0),,I,ITA,,A,,PRS,,_T,,_T,,G_PS_D,,_Z,,1975,,99.1,,A,,0,,,
DATAFLOW,OECD.ELS.HD:DSD_HEALTH_LVNG@DF_HEALTH_LVNG(1.0),,I,ITA,,A,,PRS,,_T,,_T,,G_PS_D,,_Z,,1974,,99.2,,A,,0,,,
DATAFLOW,OECD.ELS.HD:DSD_HEALTH_LVNG@DF_HEALTH_LVNG(1.0),,I,ITA,,A,,PRS,,_T,,_T,,G_PS_D,,_Z,,1973,,102.9,,A,,0,,,
DATAFLOW,OECD.ELS.HD:DSD_HEALTH_LVNG@DF_HEALTH_LVNG(1.0),,I,ITA,,A,,PRS,,_T,,_T,,G_PS_D,,_Z,,1972,,98.8,,A,,0,,,
DATAFLOW,OECD.ELS.HD:DSD_HEALTH_LVNG@DF_HEALTH_LVNG(1.0),,I,ITA,,A,,PRS,,_T,,_T,,G_PS_D,,_Z,,1971,,98.2,,A,,0,,,
DATAFLOW,OECD.ELS.HD:DSD_HEALTH_LVNG@DF_HEALTH_LVNG(1.0),,I,ITA,,A,,PRS,,_T,,_T,,G_PS_D,,_Z,,1970,,98.4,,A,,0,,,
DATAFLOW,OECD.ELS.HD:DSD_HEALTH_LVNG@DF_HEALTH_LVNG(1.0),,I,ITA,,A,,PRS,,_T,,_T,,G_PS_D,,_Z,,1969,,94.6,,A,,0,,,
DATAFLOW,OECD.ELS.HD:DSD_HEALTH_LVNG@DF_HEALTH_LVNG(1.0),,I,ITA,,A,,PRS,,_T,,_T,,G_PS_D,,_Z,,2022,,115.9,,A,,0,,,
DATAFLOW,OECD.ELS.HD:DSD_HEALTH_LVNG@DF_HEALTH_LVNG(1.0),,I,ITA,,A,,PRS,,_T,,_T,,G_PS_D,,_Z,,2021,,117.7,,A,,0,,,
DATAFLOW,OECD.ELS.HD:DSD_HEALTH_LVNG@DF_HEALTH_LVNG(1.0),,I,ITA,,A,,PRS,,_T,,_T,,G_PS_D,,_Z,,2020,,115.1,,A,,0,,,
DATAFLOW,OECD.ELS.HD:DSD_HEALTH_LVNG@DF_HEALTH_LVNG(1.0),,I,ITA,,A,,PRS,,_T,,_T,,G_PS_D,,_Z,,2019,,115.6,,A,,0,,,
DATAFLOW,OECD.ELS.HD:DSD_HEALTH_LVNG@DF_HEALTH_LVNG(1.0),,I,ITA,,A,,PRS,,_T,,_T,,G_PS_D,,_Z,,2018,,114.4,,A,,0,,,
DATAFLOW,OECD.ELS.HD:DSD_HEALTH_LVNG@DF_HEALTH_LVNG(1.0),,I,ITA,,A,,PRS,,_T,,_T,,G_PS_D,,_Z,,2017,,113.4,,A,,0,,,
DATAFLOW,OECD.ELS.HD:DSD_HEALTH_LVNG@DF_HEALTH_LVNG(1.0),,I,ITA,,A,,PRS,,_T,,_T,,G_PS_D,,_Z,,2016,,111.7,,A,,0,,,
DATAFLOW,OECD.ELS.HD:DSD_HEALTH_LVNG@DF_HEALTH_LVNG(1.0),,I,ITA,,A,,PRS,,_T,,_T,,G_PS_D,,_Z,,2015,,112.6,,A,,0,,,
DATAFLOW,OECD.ELS.HD:DSD_HEALTH_LVNG@DF_HEALTH_LVNG(1.0),,I,ITA,,A,,PRS,,_T,,_T,,G_PS_D,,_Z,,2014,,113.7,,A,,0,,,
DATAFLOW,OECD.ELS.HD:DSD_HEALTH_LVNG@DF_HEALTH_LVNG(1.0),,I,ITA,,A,,PRS,,_T,,_T,,G_PS_D,,_Z,,2013,,117.9,,A,,0,,,
DATAFLOW,OECD.ELS.HD:DSD_HEALTH_LVNG@DF_HEALTH_LVNG(1.0),,I,ITA,,A,,PRS,,_T,,_T,,G_PS_D,,_Z,,2012,,118.6,,A,,0,,,
DATAFLOW,OECD.ELS.HD:DSD_HEALTH_LVNG@DF_HEALTH_LVNG(1.0),,I,ITA,,A,,PRS,,_T,,_T,,G_PS_D,,_Z,,2011,,119.6,,A,,0,,,
DATAFLOW,OECD.ELS.HD:DSD_HEALTH_LVNG@DF_HEALTH_LVNG(1.0),,I,ITA,,A,,PRS,,_T,,_T,,G_PS_D,,_Z,,2010,,121.5,,A,,0,,,
DATAFLOW,OECD.ELS.HD:DSD_HEALTH_LVNG@DF_HEALTH_LVNG(1.0),,I,ITA,,A,,PRS,,_T,,_T,,G_PS_D,,_Z,,2009,,112,,A,,0,,,
DATAFLOW,OECD.ELS.HD:DSD_HEALTH_LVNG@DF_HEALTH_LVNG(1.0),,I,ITA,,A,,PRS,,_T,,_T,,G_PS_D,,_Z,,2008,,110.6,,A,,0,,,
DATAFLOW,OECD.ELS.HD:DSD_HEALTH_LVNG@DF_HEALTH_LVNG(1.0),,I,ITA,,A,,PRS,,_T,,_T,,G_PS_D,,_Z,,2007,,110.7,,A,,0,,,
DATAFLOW,OECD.ELS.HD:DSD_HEALTH_LVNG@DF_HEALTH_LVNG(1.0),,I,ITA,,A,,PRS,,_T,,_T,,G_PS_D,,_Z,,2006,,110.9,,A,,0,,,
DATAFLOW,OECD.ELS.HD:DSD_HEALTH_LVNG@DF_HEALTH_LVNG(1.0),,I,ITA,,A,,PRS,,_T,,_T,,G_PS_D,,_Z,,2005,,111.4,,A,,0,,,
DATAFLOW,OECD.ELS.HD:DSD_HEALTH_LVNG@DF_HEALTH_LVNG(1.0),,I,ITA,,A,,PRS,,_T,,_T,,G_PS_D,,_Z,,2004,,112,,A,,0,,,
DATAFLOW,OECD.ELS.HD:DSD_HEALTH_LVNG@DF_HEALTH_LVNG(1.0),,I,ITA,,A,,PRS,,_T,,_T,,G_PS_D,,_Z,,2003,,111.7,,A,,0,,,
DATAFLOW,OECD.ELS.HD:DSD_HEALTH_LVNG@DF_HEALTH_LVNG(1.0),,I,ITA,,A,,PRS,,_T,,_T,,G_PS_D,,_Z,,2002,,113.1,,A,,0,,,
DATAFLOW,OECD.ELS.HD:DSD_HEALTH_LVNG@DF_HEALTH_LVNG(1.0),,I,ITA,,A,,PRS,,_T,,_T,,G_PS_D,,_Z,,2001,,113.7,,A,,0,,,
DATAFLOW,OECD.ELS.HD:DSD_HEALTH_LVNG@DF_HEALTH_LVNG(1.0),,I,ITA,,A,,PRS,,_T,,_T,,G_PS_D,,_Z,,2000,,113.9,,A,,0,,,
DATAFLOW,OECD.ELS.HD:DSD_HEALTH_LVNG@DF_HEALTH_LVNG(1.0),,I,ITA,,A,,PRS,,_T,,_T,,G_PS_D,,_Z,,1999,,114.8,,A,,0,,,
DATAFLOW,OECD.ELS.HD:DSD_HEALTH_LVNG@DF_HEALTH_LVNG(1.0),,I,ITA,,A,,PRS,,_T,,_T,,G_PS_D,,_Z,,1998,,113,,A,,0,,,
DATAFLOW,OECD.ELS.HD:DSD_HEALTH_LVNG@DF_HEALTH_LVNG(1.0),,I,ITA,,A,,PRS,,_T,,_T,,G_PS_D,,_Z,,1997,,110.1,,A,,0,,,
DATAFLOW,OECD.ELS.HD:DSD_HEALTH_LVNG@DF_HEALTH_LVNG(1.0),,I,ITA,,A,,PRS,,_T,,_T,,G_PS_D,,_Z,,1996,,110.5,,A,,0,,,
DATAFLOW,OECD.ELS.HD:DSD_HEALTH_LVNG@DF_HEALTH_LVNG(1.0),,I,ITA,,A,,PRS,,_T,,_T,,G_PS_D,,_Z,,1995,,107.5,,A,,0,,,
DATAFLOW,OECD.ELS.HD:DSD_HEALTH_LVNG@DF_HEALTH_LVNG(1.0),,I,ITA,,A,,PRS,,_T,,_T,,G_PS_D,,_Z,,1994,,108.1,,A,,0,,,
DATAFLOW,OECD.ELS.HD:DSD_HEALTH_LVNG@DF_HEALTH_LVNG(1.0),,I,ITA,,A,,PRS,,_T,,_T,,G_PS_D,,_Z,,1993,,107.7,,A,,0,,,
DATAFLOW,OECD.ELS.HD:DSD_HEALTH_LVNG@DF_HEALTH_LVNG(1.0),,I,ITA,,A,,PRS,,_T,,_T,,G_PS_D,,_Z,,1992,,110.8,,A,,0,,,
DATAFLOW,OECD.ELS.HD:DSD_HEALTH_LVNG@DF_HEALTH_LVNG(1.0),,I,ITA,,A,,PRS,,_T,,_T,,G_PS_D,,_Z,,1991,,112.5,,A,,0,,,
DATAFLOW,OECD.ELS.HD:DSD_HEALTH_LVNG@DF_HEALTH_LVNG(1.0),,I,ITA,,A,,PRS,,_T,,_T,,G_PS_D,,_Z,,1990,,110.3,,A,,0,,,
DATAFLOW,OECD.ELS.HD:DSD_HEALTH_LVNG@DF_HEALTH_LVNG(1.0),,I,ITA,,A,,PRS,,_T,,_T,,G_PS_D,,_Z,,1989,,108.8,,A,,0,,,
DATAFLOW,OECD.ELS.HD:DSD_HEALTH_LVNG@DF_HEALTH_LVNG(1.0),,I,ITA,,A,,PRS,,_T,,_T,,G_PS_D,,_Z,,1988,,108.1,,A,,0,,,
