STRUCTURE,STRUCTURE_ID,STRUCTURE_NAME,ACTION,REF_AREA,,FREQ,,MEASURE,,AGE,,SEX,,UNIT_MEASURE,,METHODOLOGY,,TIME_PERIOD,,OBS_VALUE,,OBS_STATUS,,UNIT_MULT,,DECIMALS,
DATAFLOW,OECD.ELS.HD:DSD_HEALTH_LVNG@DF_HEALTH_LVNG(1.0),,I,ITA,,A,,VGS,,_T,,_T,,KG_PS_Y,,_Z,,1987,,173.5,,A,,0,,,
DATAFLOW,OECD.ELS.HD:DSD_HEALTH_LVNG@DF_HEALTH_LVNG(1.0),,I,ITA,,A,,VGS,,_T,,_T,,KG_PS_Y,,_Z,,1968,,154.7,,A,,0,,,
DATAFLOW,OECD.ELS.HD:DSD_HEALTH_LVNG@DF_HEALTH_LVNG(1.0),,I,ITA,,A,,VGS,,_T,,_T,,KG_PS_Y,,_Z,,1967,,156.6,,A,,0,,,
DATAFLOW,OECD.ELS.HD:DSD_HEALTH_LVNG@DF_HEALTH_LVNG(1.0),,I,ITA,,A,,VGS,,_T,,_T,,KG_PS_Y,,_Z,,1966,,158.5,,A,,0,,,
DATAFLOW,OECD.ELS.HD:DSD_HEALTH_LVNG@DF_HEALTH_LVNG(1.0),,I,ITA,,A,,VGS,,_T,,_T,,KG_PS_Y,,_Z,,1965,,153.9,,A,,0,,,
DATAFLOW,OECD.ELS.HD:DSD_HEALTH_LVNG@DF_HEALTH_LVNG(1.0),,I,ITA,,A,,VGS,,_T,,_T,,KG_PS_Y,,_Z,,1964,,150.8,,A,,0,,,
DATAFLOW,OECD.ELS.HD:DSD_HEALTH_LVNG@DF_HEALTH_LVNG(1.0),,I,ITA,,A,,VGS,,_T,,_T,,KG_PS_Y,,_Z,,1963,,141.4,,A,,0,,,
DATAFLOW,OECD.ELS.HD:DSD_HEALTH_LVNG@DF_HEALTH_LVNG(1.0),,I,ITA,,A,,VGS,,_T,,_T,,KG_PS_Y,,_Z,,1962,,124,,A,,0,,,
DATAFLOW,OECD.ELS.HD:DSD_HEALTH_LVNG@DF_HEALTH_LVNG(1.0),,I,ITA,,A,,VGS,,_T,,_T,,KG_PS_Y,,_Z,,1961,,133.2,,A,,0,,,
DATAFLOW,OECD.ELS.HD:DSD_HEALTH_LVNG@DF_HEALTH_LVNG(1.0),,I,ITA,,A,,VGS,,_T,,_T,,KG_PS_Y,,_Z,,1986,,172.1,,A,,0,,,
DATAFLOW,OECD.ELS.HD:DSD_HEALTH_LVNG@DF_HEALTH_LVNG(1.0),,I,ITA,,A,,VGS,,_T,,_T,,KG_PS_Y,,_Z,,1985,,171.7,,A,,0,,,
DATAFLOW,OECD.ELS.HD:DSD_HEALTH_LVNG@DF_HEALTH_LVNG(1.0),,I,ITA,,A,,VGS,,_T,,_T,,KG_PS_Y,,_Z,,1984,,173.4,,A,,0,,,
DATAFLOW,OECD.ELS.HD:DSD_HEALTH_LVNG@DF_HEALTH_LVNG(1.0),,I,ITA,,A,,VGS,,_T,,_T,,KG_PS_Y,,_Z,,1983,,172.6,,A,,0,,,
DATAFLOW,OECD.ELS.HD:DSD_HEALTH_LVNG@DF_HEALTH_LVNG(1.0),,I,ITA,,A,,VGS,,_T,,_T,,KG_PS_Y,,_Z,,1982,,172.7,,A,,0,,,
DATAFLOW,OECD.ELS.HD:DSD_HEALTH_LVNG@DF_HEALTH_LVNG(1.0),,I,ITA,,A,,VGS,,_T,,_T,,KG_PS_Y,,_Z,,1981,,167.4,,A,,0,,,
DATAFLOW,OECD.ELS.HD:DSD_HEALTH_LVNG@DF_HEALTH_LVNG(1.0),,I,ITA,,A,,VGS,,_T,,_T,,KG_PS_Y,,_Z,,1980,,169.9,,A,,0,,,
DATAFLOW,OECD.ELS.HD:DSD_HEALTH_LVNG@DF_HEALTH_LVNG(1.0),,I,ITA,,A,,VGS,,_T,,_T,,KG_PS_Y,,_Z,,1979,,161.8,,A,,0,,,
DATAFLOW,OECD.ELS.HD:DSD_HEALTH_LVNG@DF_HEALTH_LVNG(1.0),,I,ITA,,A,,VGS,,_T,,_T,,KG_PS_Y,,_Z,,1978,,155.9,,A,,0,,,
DATAFLOW,OECD.ELS.HD:DSD_HEALTH_LVNG@DF_HEALTH_LVNG(1.0),,I,ITA,,A,,VGS,,_T,,_T,,KG_PS_Y,,_Z,,1977,,152.1,,A,,0,,,
DATAFLOW,OECD.ELS.HD:DSD_HEALTH_LVNG@DF_HEALTH_LVNG(1.0),,I,ITA,,A,,VGS,,_T,,_T,,KG_PS_Y,,_Z,,1976,,156.1,,A,,0,,,
DATAFLOW,OECD.ELS.HD:DSD_HEALTH_LVNG@DF_HEALTH_LVNG(1.0),,I,ITA,,A,,VGS,,_T,,_T,,KG_PS_Y,,_Z,,1975,,167.4,,A,,0,,,
DATAFLOW,OECD.ELS.HD:DSD_HEALTH_LVNG@DF_HEALTH_LVNG(1.0),,I,ITA,,A,,VGS,,_T,,_T,,KG_PS_Y,,_Z,,1974,,162.1,,A,,0,,,
DATAFLOW,OECD.ELS.HD:DSD_HEALTH_LVNG@DF_HEALTH_LVNG(1.0),,I,ITA,,A,,VGS,,_T,,_T,,KG_PS_Y,,_Z,,1973,,155,,A,,0,,,
DATAFLOW,OECD.ELS.HD:DSD_HEALTH_LVNG@DF_HEALTH_LVNG(1.0),,I,ITA,,A,,VGS,,_T,,_T,,KG_PS_Y,,_Z,,1972,,146.6,,A,,0,,,
DATAFLOW,OECD.ELS.HD:DSD_HEALTH_LVNG@DF_HEALTH_LVNG(1.0),,I,ITA,,A,,VGS,,_T,,_T,,KG_PS_Y,,_Z,,1971,,159,,A,,0,,,
DATAFLOW,OECD.ELS.HD:DSD_HEALTH_LVNG@DF_HEALTH_LVNG(1.0),,I,ITA,,A,,VGS,,_T,,_T,,KG_PS_Y,,_Z,,1970,,172.4,,A,,0,,,
DATAFLOW,OECD.ELS.HD:DSD_HEALTH_LVNG@DF_HEALTH_LVNG(1.0),,I,ITA,,A,,VGS,,_T,,_T,,KG_PS_Y,,_Z,,1969,,170.7,,A,,0,,,
DATAFLOW,OECD.ELS.HD:DSD_HEALTH_LVNG@DF_HEALTH_LVNG(1.0),,I,ITA,,A,,VGS,,_T,,_T,,KG_PS_Y,,_Z,,2022,,114.4,,A,,0,,,
DATAFLOW,OECD.ELS.HD:DSD_HEALTH_LVNG@DF_HEALTH_LVNG(1.0),,I,ITA,,A,,VGS,,_T,,_T,,KG_PS_Y,,_Z,,2021,,105.9,,A,,0,,,
DATAFLOW,OECD.ELS.HD:DSD_HEALTH_LVNG@DF_HEALTH_LVNG(1.0),,I,ITA,,A,,VGS,,_T,,_T,,KG_PS_Y,,_Z,,2020,,83.3,,A,,0,,,
DATAFLOW,OECD.ELS.HD:DSD_HEALTH_LVNG@DF_HEALTH_LVNG(1.0),,I,ITA,,A,,VGS,,_T,,_T,,KG_PS_Y,,_Z,,2019,,106.3,,A,,0,,,
DATAFLOW,OECD.ELS.HD:DSD_HEALTH_LVNG@DF_HEALTH_LVNG(1.0),,I,ITA,,A,,VGS,,_T,,_T,,KG_PS_Y,,_Z,,2018,,129.7,,A,,0,,,
DATAFLOW,OECD.ELS.HD:DSD_HEALTH_LVNG@DF_HEALTH_LVNG(1.0),,I,ITA,,A,,VGS,,_T,,_T,,KG_PS_Y,,_Z,,2017,,135.3,,A,,0,,,
DATAFLOW,OECD.ELS.HD:DSD_HEALTH_LVNG@DF_HEALTH_LVNG(1.0),,I,ITA,,A,,VGS,,_T,,_T,,KG_PS_Y,,_Z,,2016,,138.5,,A,,0,,,
DATAFLOW,OECD.ELS.HD:DSD_HEALTH_LVNG@DF_HEALTH_LVNG(1.0),,I,ITA,,A,,VGS,,_T,,_T,,KG_PS_Y,,_Z,,2015,,139.8,,A,,0,,,
DATAFLOW,OECD.ELS.HD:DSD_HEALTH_LVNG@DF_HEALTH_LVNG(1.0),,I,ITA,,A,,VGS,,_T,,_T,,KG_PS_Y,,_Z,,2014,,133.2,,A,,0,,,
DATAFLOW,OECD.ELS.HD:DSD_HEALTH_LVNG@DF_HEALTH_LVNG(1.0),,I,ITA,,A,,VGS,,_T,,_T,,KG_PS_Y,,_Z,,2013,,135.5,,A,,0,,,
DATAFLOW,OECD.ELS.HD:DSD_HEALTH_LVNG@DF_HEALTH_LVNG(1.0),,I,ITA,,A,,VGS,,_T,,_T,,KG_PS_Y,,_Z,,2012,,139.2,,A,,0,,,
DATAFLOW,OECD.ELS.HD:DSD_HEALTH_LVNG@DF_HEALTH_LVNG(1.0),,I,ITA,,A,,VGS,,_T,,_T,,KG_PS_Y,,_Z,,2011,,149,,A,,0,,,
DATAFLOW,OECD.ELS.HD:DSD_HEALTH_LVNG@DF_HEALTH_LVNG(1.0),,I,ITA,,A,,VGS,,_T,,_T,,KG_PS_Y,,_Z,,2010,,152.9,,A,,0,,,
DATAFLOW,OECD.ELS.HD:DSD_HEALTH_LVNG@DF_HEALTH_LVNG(1.0),,I,ITA,,A,,VGS,,_T,,_T,,KG_PS_Y,,_Z,,2009,,174.8,,A,,0,,,
DATAFLOW,OECD.ELS.HD:DSD_HEALTH_LVNG@DF_HEALTH_LVNG(1.0),,I,ITA,,A,,VGS,,_T,,_T,,KG_PS_Y,,_Z,,2008,,153.3,,A,,0,,,
DATAFLOW,OECD.ELS.HD:DSD_HEALTH_LVNG@DF_HEALTH_LVNG(1.0),,I,ITA,,A,,VGS,,_T,,_T,,KG_PS_Y,,_Z,,2007,,157.7,,A,,0,,,
DATAFLOW,OECD.ELS.HD:DSD_HEALTH_LVNG@DF_HEALTH_LVNG(1.0),,I,ITA,,A,,VGS,,_T,,_T,,KG_PS_Y,,_Z,,2006,,160.2,,A,,0,,,
DATAFLOW,OECD.ELS.HD:DSD_HEALTH_LVNG@DF_HEALTH_LVNG(1.0),,I,ITA,,A,,VGS,,_T,,_T,,KG_PS_Y,,_Z,,2005,,183.4,,A,,0,,,
DATAFLOW,OECD.ELS.HD:DSD_HEALTH_LVNG@DF_HEALTH_LVNG(1.0),,I,ITA,,A,,VGS,,_T,,_T,,KG_PS_Y,,_Z,,2004,,197.4,,A,,0,,,
DATAFLOW,OECD.ELS.HD:DSD_HEALTH_LVNG@DF_HEALTH_LVNG(1.0),,I,ITA,,A,,VGS,,_T,,_T,,KG_PS_Y,,_Z,,2003,,174.3,,A,,0,,,
DATAFLOW,OECD.ELS.HD:DSD_HEALTH_LVNG@DF_HEALTH_LVNG(1.0),,I,ITA,,A,,VGS,,_T,,_T,,KG_PS_Y,,_Z,,2002,,144.7,,A,,0,,,
DATAFLOW,OECD.ELS.HD:DSD_HEALTH_LVNG@DF_HEALTH_LVNG(1.0),,I,ITA,,A,,VGS,,_T,,_T,,KG_PS_Y,,_Z,,2001,,160.4,,A,,0,,,
DATAFLOW,OECD.ELS.HD:DSD_HEALTH_LVNG@DF_HEALTH_LVNG(1.0),,I,ITA,,A,,VGS,,_T,,_T,,KG_PS_Y,,_Z,,2000,,196.8,,A,,0,,,
DATAFLOW,OECD.ELS.HD:DSD_HEALTH_LVNG@DF_HEALTH_LVNG(1.0),,I,ITA,,A,,VGS,,_T,,_T,,KG_PS_Y,,_Z,,1999,,184.8,,A,,0,,,
DATAFLOW,OECD.ELS.HD:DSD_HEALTH_LVNG@DF_HEALTH_LVNG(1.0),,I,ITA,,A,,VGS,,_T,,_T,,KG_PS_Y,,_Z,,1998,,174.4,,A,,0,,,
DATAFLOW,OECD.ELS.HD:DSD_HEALTH_LVNG@DF_HEALTH_LVNG(1.0),,I,ITA,,A,,VGS,,_T,,_T,,KG_PS_Y,,_Z,,1997,,178.1,,A,,0,,,
DATAFLOW,OECD.ELS.HD:DSD_HEALTH_LVNG@DF_HEALTH_LVNG(1.0),,I,ITA,,A,,VGS,,_T,,_T,,KG_PS_Y,,_Z,,1996,,178.5,,A,,0,,,
DATAFLOW,OECD.ELS.HD:DSD_HEALTH_LVNG@DF_HEALTH_LVNG(1.0),,I,ITA,,A,,VGS,,_T,,_T,,KG_PS_Y,,_Z,,1995,,177.8,,A,,0,,,
DATAFLOW,OECD.ELS.HD:DSD_HEALTH_LVNG@DF_HEALTH_LVNG(1.0),,I,ITA,,A,,VGS,,_T,,_T,,KG_PS_Y,,_Z,,1994,,174,,A,,0,,,
DATAFLOW,OECD.ELS.HD:DSD_HEALTH_LVNG@DF_HEALTH_LVNG(1.0),,I,ITA,,A,,VGS,,_T,,_T,,KG_PS_Y,,_Z,,1993,,161.2,,A,,0,,,
DATAFLOW,OECD.ELS.HD:DSD_HEALTH_LVNG@DF_HEALTH_LVNG(1.0),,I,ITA,,A,,VGS,,_T,,_T,,KG_PS_Y,,_Z,,1992,,188.2,,A,,0,,,
DATAFLOW,OECD.ELS.HD:DSD_HEALTH_LVNG@DF_HEALTH_LVNG(1.0),,I,ITA,,A,,VGS,,_T,,_T,,KG_PS_Y,,_Z,,1991,,181.1,,A,,0,,,
DATAFLOW,OECD.ELS.HD:DSD_HEALTH_LVNG@DF_HEALTH_LVNG(1.0),,I,ITA,,A,,VGS,,_T,,_T,,KG_PS_Y,,_Z,,1990,,172.2,,A,,0,,,
DATAFLOW,OECD.ELS.HD:DSD_HEALTH_LVNG@DF_HEALTH_LVNG(1.0),,I,ITA,,A,,VGS,,_T,,_T,,KG_PS_Y,,_Z,,1989,,176.9,,A,,0,,,
DATAFLOW,OECD.ELS.HD:DSD_HEALTH_LVNG@DF_HEALTH_LVNG(1.0),,I,ITA,,A,,VGS,,_T,,_T,,KG_PS_Y,,_Z,,1988,,175.7,,A,,0,,,
