STRUCTURE,STRUCTURE_ID,STRUCTURE_NAME,ACTION,REF_AREA,,FREQ,,MEASURE,,AGE,,SEX,,UNIT_MEASURE,,METHODOLOGY,,TIME_PERIOD,,OBS_VALUE,,OBS_STATUS,,UNIT_MULT,,DECIMALS,
DATAFLOW,OECD.ELS.HD:DSD_HEALTH_LVNG@DF_HEALTH_LVNG(1.0),,I,ITA,,A,,SGS,,_T,,_T,,KG_PS_Y,,_Z,,1987,,28.7,,A,,0,,,
DATAFLOW,OECD.ELS.HD:DSD_HEALTH_LVNG@DF_HEALTH_LVNG(1.0),,I,ITA,,A,,SGS,,_T,,_T,,KG_PS_Y,,_Z,,1968,,28.9,,A,,0,,,
DATAFLOW,OECD.ELS.HD:DSD_HEALTH_LVNG@DF_HEALTH_LVNG(1.0),,I,ITA,,A,,SGS,,_T,,_T,,KG_PS_Y,,_Z,,1967,,28.7,,A,,0,,,
DATAFLOW,OECD.ELS.HD:DSD_HEALTH_LVNG@DF_HEALTH_LVNG(1.0),,I,ITA,,A,,SGS,,_T,,_T,,KG_PS_Y,,_Z,,1966,,27.9,,A,,0,,,
DATAFLOW,OECD.ELS.HD:DSD_HEALTH_LVNG@DF_HEALTH_LVNG(1.0),,I,ITA,,A,,SGS,,_T,,_T,,KG_PS_Y,,_Z,,1965,,27.4,,A,,0,,,
DATAFLOW,OECD.ELS.HD:DSD_HEALTH_LVNG@DF_HEALTH_LVNG(1.0),,I,ITA,,A,,SGS,,_T,,_T,,KG_PS_Y,,_Z,,1964,,27.8,,A,,0,,,
DATAFLOW,OECD.ELS.HD:DSD_HEALTH_LVNG@DF_HEALTH_LVNG(1.0),,I,ITA,,A,,SGS,,_T,,_T,,KG_PS_Y,,_Z,,1963,,26.6,,A,,0,,,
DATAFLOW,OECD.ELS.HD:DSD_HEALTH_LVNG@DF_HEALTH_LVNG(1.0),,I,ITA,,A,,SGS,,_T,,_T,,KG_PS_Y,,_Z,,1962,,25.5,,A,,0,,,
DATAFLOW,OECD.ELS.HD:DSD_HEALTH_LVNG@DF_HEALTH_LVNG(1.0),,I,ITA,,A,,SGS,,_T,,_T,,KG_PS_Y,,_Z,,1961,,25.1,,A,,0,,,
DATAFLOW,OECD.ELS.HD:DSD_HEALTH_LVNG@DF_HEALTH_LVNG(1.0),,I,ITA,,A,,SGS,,_T,,_T,,KG_PS_Y,,_Z,,1986,,28.7,,A,,0,,,
DATAFLOW,OECD.ELS.HD:DSD_HEALTH_LVNG@DF_HEALTH_LVNG(1.0),,I,ITA,,A,,SGS,,_T,,_T,,KG_PS_Y,,_Z,,1985,,28.2,,A,,0,,,
DATAFLOW,OECD.ELS.HD:DSD_HEALTH_LVNG@DF_HEALTH_LVNG(1.0),,I,ITA,,A,,SGS,,_T,,_T,,KG_PS_Y,,_Z,,1984,,29.9,,A,,0,,,
DATAFLOW,OECD.ELS.HD:DSD_HEALTH_LVNG@DF_HEALTH_LVNG(1.0),,I,ITA,,A,,SGS,,_T,,_T,,KG_PS_Y,,_Z,,1983,,30.9,,A,,0,,,
DATAFLOW,OECD.ELS.HD:DSD_HEALTH_LVNG@DF_HEALTH_LVNG(1.0),,I,ITA,,A,,SGS,,_T,,_T,,KG_PS_Y,,_Z,,1982,,32,,A,,0,,,
DATAFLOW,OECD.ELS.HD:DSD_HEALTH_LVNG@DF_HEALTH_LVNG(1.0),,I,ITA,,A,,SGS,,_T,,_T,,KG_PS_Y,,_Z,,1981,,35,,A,,0,,,
DATAFLOW,OECD.ELS.HD:DSD_HEALTH_LVNG@DF_HEALTH_LVNG(1.0),,I,ITA,,A,,SGS,,_T,,_T,,KG_PS_Y,,_Z,,1980,,35.1,,A,,0,,,
DATAFLOW,OECD.ELS.HD:DSD_HEALTH_LVNG@DF_HEALTH_LVNG(1.0),,I,ITA,,A,,SGS,,_T,,_T,,KG_PS_Y,,_Z,,1979,,34.1,,A,,0,,,
DATAFLOW,OECD.ELS.HD:DSD_HEALTH_LVNG@DF_HEALTH_LVNG(1.0),,I,ITA,,A,,SGS,,_T,,_T,,KG_PS_Y,,_Z,,1978,,32.8,,A,,0,,,
DATAFLOW,OECD.ELS.HD:DSD_HEALTH_LVNG@DF_HEALTH_LVNG(1.0),,I,ITA,,A,,SGS,,_T,,_T,,KG_PS_Y,,_Z,,1977,,32,,A,,0,,,
DATAFLOW,OECD.ELS.HD:DSD_HEALTH_LVNG@DF_HEALTH_LVNG(1.0),,I,ITA,,A,,SGS,,_T,,_T,,KG_PS_Y,,_Z,,1976,,32.8,,A,,0,,,
DATAFLOW,OECD.ELS.HD:DSD_HEALTH_LVNG@DF_HEALTH_LVNG(1.0),,I,ITA,,A,,SGS,,_T,,_T,,KG_PS_Y,,_Z,,1975,,29.7,,A,,0,,,
DATAFLOW,OECD.ELS.HD:DSD_HEALTH_LVNG@DF_HEALTH_LVNG(1.0),,I,ITA,,A,,SGS,,_T,,_T,,KG_PS_Y,,_Z,,1974,,36.2,,A,,0,,,
DATAFLOW,OECD.ELS.HD:DSD_HEALTH_LVNG@DF_HEALTH_LVNG(1.0),,I,ITA,,A,,SGS,,_T,,_T,,KG_PS_Y,,_Z,,1973,,35.3,,A,,0,,,
DATAFLOW,OECD.ELS.HD:DSD_HEALTH_LVNG@DF_HEALTH_LVNG(1.0),,I,ITA,,A,,SGS,,_T,,_T,,KG_PS_Y,,_Z,,1972,,33.3,,A,,0,,,
DATAFLOW,OECD.ELS.HD:DSD_HEALTH_LVNG@DF_HEALTH_LVNG(1.0),,I,ITA,,A,,SGS,,_T,,_T,,KG_PS_Y,,_Z,,1971,,30.9,,A,,0,,,
DATAFLOW,OECD.ELS.HD:DSD_HEALTH_LVNG@DF_HEALTH_LVNG(1.0),,I,ITA,,A,,SGS,,_T,,_T,,KG_PS_Y,,_Z,,1970,,30.8,,A,,0,,,
DATAFLOW,OECD.ELS.HD:DSD_HEALTH_LVNG@DF_HEALTH_LVNG(1.0),,I,ITA,,A,,SGS,,_T,,_T,,KG_PS_Y,,_Z,,1969,,30.3,,A,,0,,,
DATAFLOW,OECD.ELS.HD:DSD_HEALTH_LVNG@DF_HEALTH_LVNG(1.0),,I,ITA,,A,,SGS,,_T,,_T,,KG_PS_Y,,_Z,,2022,,37.5,,A,,0,,,
DATAFLOW,OECD.ELS.HD:DSD_HEALTH_LVNG@DF_HEALTH_LVNG(1.0),,I,ITA,,A,,SGS,,_T,,_T,,KG_PS_Y,,_Z,,2021,,35.1,,A,,0,,,
DATAFLOW,OECD.ELS.HD:DSD_HEALTH_LVNG@DF_HEALTH_LVNG(1.0),,I,ITA,,A,,SGS,,_T,,_T,,KG_PS_Y,,_Z,,2020,,34.3,,A,,0,,,
DATAFLOW,OECD.ELS.HD:DSD_HEALTH_LVNG@DF_HEALTH_LVNG(1.0),,I,ITA,,A,,SGS,,_T,,_T,,KG_PS_Y,,_Z,,2019,,33.9,,A,,0,,,
DATAFLOW,OECD.ELS.HD:DSD_HEALTH_LVNG@DF_HEALTH_LVNG(1.0),,I,ITA,,A,,SGS,,_T,,_T,,KG_PS_Y,,_Z,,2018,,33.6,,A,,0,,,
DATAFLOW,OECD.ELS.HD:DSD_HEALTH_LVNG@DF_HEALTH_LVNG(1.0),,I,ITA,,A,,SGS,,_T,,_T,,KG_PS_Y,,_Z,,2017,,32.8,,A,,0,,,
DATAFLOW,OECD.ELS.HD:DSD_HEALTH_LVNG@DF_HEALTH_LVNG(1.0),,I,ITA,,A,,SGS,,_T,,_T,,KG_PS_Y,,_Z,,2016,,32.8,,A,,0,,,
DATAFLOW,OECD.ELS.HD:DSD_HEALTH_LVNG@DF_HEALTH_LVNG(1.0),,I,ITA,,A,,SGS,,_T,,_T,,KG_PS_Y,,_Z,,2015,,32.7,,A,,0,,,
DATAFLOW,OECD.ELS.HD:DSD_HEALTH_LVNG@DF_HEALTH_LVNG(1.0),,I,ITA,,A,,SGS,,_T,,_T,,KG_PS_Y,,_Z,,2014,,32.8,,A,,0,,,
DATAFLOW,OECD.ELS.HD:DSD_HEALTH_LVNG@DF_HEALTH_LVNG(1.0),,I,ITA,,A,,SGS,,_T,,_T,,KG_PS_Y,,_Z,,2013,,32.5,,A,,0,,,
DATAFLOW,OECD.ELS.HD:DSD_HEALTH_LVNG@DF_HEALTH_LVNG(1.0),,I,ITA,,A,,SGS,,_T,,_T,,KG_PS_Y,,_Z,,2012,,31.9,,A,,0,,,
DATAFLOW,OECD.ELS.HD:DSD_HEALTH_LVNG@DF_HEALTH_LVNG(1.0),,I,ITA,,A,,SGS,,_T,,_T,,KG_PS_Y,,_Z,,2011,,31.1,,A,,0,,,
DATAFLOW,OECD.ELS.HD:DSD_HEALTH_LVNG@DF_HEALTH_LVNG(1.0),,I,ITA,,A,,SGS,,_T,,_T,,KG_PS_Y,,_Z,,2010,,30.4,,A,,0,,,
DATAFLOW,OECD.ELS.HD:DSD_HEALTH_LVNG@DF_HEALTH_LVNG(1.0),,I,ITA,,A,,SGS,,_T,,_T,,KG_PS_Y,,_Z,,2009,,29.6,,A,,0,,,
DATAFLOW,OECD.ELS.HD:DSD_HEALTH_LVNG@DF_HEALTH_LVNG(1.0),,I,ITA,,A,,SGS,,_T,,_T,,KG_PS_Y,,_Z,,2008,,29.7,,A,,0,,,
DATAFLOW,OECD.ELS.HD:DSD_HEALTH_LVNG@DF_HEALTH_LVNG(1.0),,I,ITA,,A,,SGS,,_T,,_T,,KG_PS_Y,,_Z,,2007,,29.7,,A,,0,,,
DATAFLOW,OECD.ELS.HD:DSD_HEALTH_LVNG@DF_HEALTH_LVNG(1.0),,I,ITA,,A,,SGS,,_T,,_T,,KG_PS_Y,,_Z,,2006,,29.9,,A,,0,,,
DATAFLOW,OECD.ELS.HD:DSD_HEALTH_LVNG@DF_HEALTH_LVNG(1.0),,I,ITA,,A,,SGS,,_T,,_T,,KG_PS_Y,,_Z,,2005,,31.9,,A,,0,,,
DATAFLOW,OECD.ELS.HD:DSD_HEALTH_LVNG@DF_HEALTH_LVNG(1.0),,I,ITA,,A,,SGS,,_T,,_T,,KG_PS_Y,,_Z,,2004,,32.1,,A,,0,,,
DATAFLOW,OECD.ELS.HD:DSD_HEALTH_LVNG@DF_HEALTH_LVNG(1.0),,I,ITA,,A,,SGS,,_T,,_T,,KG_PS_Y,,_Z,,2003,,31.3,,A,,0,,,
DATAFLOW,OECD.ELS.HD:DSD_HEALTH_LVNG@DF_HEALTH_LVNG(1.0),,I,ITA,,A,,SGS,,_T,,_T,,KG_PS_Y,,_Z,,2002,,31.3,,A,,0,,,
DATAFLOW,OECD.ELS.HD:DSD_HEALTH_LVNG@DF_HEALTH_LVNG(1.0),,I,ITA,,A,,SGS,,_T,,_T,,KG_PS_Y,,_Z,,2001,,31.9,,A,,0,,,
DATAFLOW,OECD.ELS.HD:DSD_HEALTH_LVNG@DF_HEALTH_LVNG(1.0),,I,ITA,,A,,SGS,,_T,,_T,,KG_PS_Y,,_Z,,2000,,30.9,,A,,0,,,
DATAFLOW,OECD.ELS.HD:DSD_HEALTH_LVNG@DF_HEALTH_LVNG(1.0),,I,ITA,,A,,SGS,,_T,,_T,,KG_PS_Y,,_Z,,1999,,29.4,,A,,0,,,
DATAFLOW,OECD.ELS.HD:DSD_HEALTH_LVNG@DF_HEALTH_LVNG(1.0),,I,ITA,,A,,SGS,,_T,,_T,,KG_PS_Y,,_Z,,1998,,32.5,,A,,0,,,
DATAFLOW,OECD.ELS.HD:DSD_HEALTH_LVNG@DF_HEALTH_LVNG(1.0),,I,ITA,,A,,SGS,,_T,,_T,,KG_PS_Y,,_Z,,1997,,32.2,,A,,0,,,
DATAFLOW,OECD.ELS.HD:DSD_HEALTH_LVNG@DF_HEALTH_LVNG(1.0),,I,ITA,,A,,SGS,,_T,,_T,,KG_PS_Y,,_Z,,1996,,30.8,,A,,0,,,
DATAFLOW,OECD.ELS.HD:DSD_HEALTH_LVNG@DF_HEALTH_LVNG(1.0),,I,ITA,,A,,SGS,,_T,,_T,,KG_PS_Y,,_Z,,1995,,30.4,,A,,0,,,
DATAFLOW,OECD.ELS.HD:DSD_HEALTH_LVNG@DF_HEALTH_LVNG(1.0),,I,ITA,,A,,SGS,,_T,,_T,,KG_PS_Y,,_Z,,1994,,30.1,,A,,0,,,
DATAFLOW,OECD.ELS.HD:DSD_HEALTH_LVNG@DF_HEALTH_LVNG(1.0),,I,ITA,,A,,SGS,,_T,,_T,,KG_PS_Y,,_Z,,1993,,30.6,,A,,0,,,
DATAFLOW,OECD.ELS.HD:DSD_HEALTH_LVNG@DF_HEALTH_LVNG(1.0),,I,ITA,,A,,SGS,,_T,,_T,,KG_PS_Y,,_Z,,1992,,30.8,,A,,0,,,
DATAFLOW,OECD.ELS.HD:DSD_HEALTH_LVNG@DF_HEALTH_LVNG(1.0),,I,ITA,,A,,SGS,,_T,,_T,,KG_PS_Y,,_Z,,1991,,31,,A,,0,,,
DATAFLOW,OECD.ELS.HD:DSD_HEALTH_LVNG@DF_HEALTH_LVNG(1.0),,I,ITA,,A,,SGS,,_T,,_T,,KG_PS_Y,,_Z,,1990,,30.3,,A,,0,,,
DATAFLOW,OECD.ELS.HD:DSD_HEALTH_LVNG@DF_HEALTH_LVNG(1.0),,I,ITA,,A,,SGS,,_T,,_T,,KG_PS_Y,,_Z,,1989,,29.1,,A,,0,,,
DATAFLOW,OECD.ELS.HD:DSD_HEALTH_LVNG@DF_HEALTH_LVNG(1.0),,I,ITA,,A,,SGS,,_T,,_T,,KG_PS_Y,,_Z,,1988,,28.8,,A,,0,,,
